name,movie_id
利刃出鞘,30318116
惊天营救,30314127
校园情圣,33420285
肖申克的救赎,1292052
千与千寻,1291561
少年的你,30166972
疯狂动物城,25662329
哪吒之魔童降世,26794435
我不是药神,26752088
误杀,30176393
摔跤吧！爸爸,26387939
泰坦尼克号,1292722
怦然心动,3319755
这个杀手不太冷,1295644
流浪地球,26266893
霸王别姬,1291546
阿甘正传,1292720
寻梦环游记,20495023
你的名字。,26683290
三傻大闹宝莱坞,3793023
楚门的世界,1292064
大话西游之大圣娶亲,1292213
让子弹飞,3742360
海上钢琴师,1292001
盗梦空间,3541415
绿皮书,27060077
饥饿站台,34805219
绅士们,30211998
寄生虫,27010768
我和我的祖国,32659890
釜山行,25986180
龙猫,1291560
当幸福来敲门,1849031
复仇者联盟4：终局之战,26100958
大话西游之月光宝盒,1299398
忠犬八公的故事,3011091
何以为家,30170448
放牛班的春天,1291549
头号玩家,4920389
唐伯虎点秋香,1306249
诛仙1,25779217
西虹市首富,27605698
星际穿越,1889243
哈利·波特与魔法石,1295038
小丑,27119724
功夫,1291543
飞屋环游记,2129039
少年派的奇幻漂流,1929463
看不见的客人,26580232
阿凡达,1652587
唐人街探案2,26698897
调音师,30334073
机器人总动员,2131459
红海行动,26861685
无间道,1307914
夏洛特烦恼,25964071
神偷奶爸,3287562
超能陆战队,11026735
哈尔的移动城堡,1308807
倩女幽魂：人间情,30466860
战狼2,26363254
飞驰人生,30163509
辛德勒的名单,1295124
美丽人生,1292063
中国机长,30295905
驴得水,25921812
复仇者联盟3：无限战争,24773958
海蒂和爷爷,25958717
美人鱼,19944106
剪刀手爱德华,1292370
唐人街探案,26311973
无名之辈,27110296
喜剧之王,1302425
初恋这件小事,4739952
天空之城,1291583
致命ID,1297192
哈利·波特与密室,1296996
狮子王,1301753
蝙蝠侠：黑暗骑士,1851857
末代皇帝,1293172
触不可及,6786002
西西里的美丽传说,1292402
哈利·波特与阿兹卡班的囚徒,1291544
哈利·波特与火焰杯,1309055
Hello！树先生,4135710
复仇者联盟,1866479
天气之子,30402296
罗马假日,1293839
一出好戏,26985127
芳华,26862829
钢铁侠,1432146
熔炉,5912992
九品芝麻官,1297518
哈利·波特与死亡圣器(下),3011235
猫鼠游戏,1305487
妖猫传,5350027
教父,1291841
毒液：致命守护者,3168101
那些年，我们一起追的女孩,4920528
海王,3878007
复仇者联盟2：奥创纪元,10741834
V字仇杀队,1309046
奇异博士,3025375
布达佩斯大饭店,11525673
天使爱美丽,1292215
疯狂原始人,1907966
天才枪手,27024903
指环王1：魔戒再现,1291571
哈利·波特与凤凰社,1457217
本杰明·巴顿奇事,1485260
终结者：黑暗命运,27109633
美国队长,2138838
羞羞的铁拳,27038183
素媛,21937452
无问西东,6874741
倩女幽魂,1297447
蝴蝶效应,1292343
蜘蛛侠：英雄归来,24753477
加勒比海盗,1298070
狩猎,30182726
蜘蛛侠：英雄远征,26931786
哈利·波特与死亡圣器(上),2051007
白蛇：缘起,30331149
活着,1292365
钢铁侠3,3231742
哈利·波特与混血王子,1433330
美国队长3,25820460
雷神,1866471
悲惨世界,33417030
疯狂的石头,1862151
大鱼海棠,5045678
囧妈,30306570
隐形人,2364086
七月与安生,25827935
钢铁侠2,3066739
蚁人,1866473
指环王3：王者无敌,1291552
七宗罪,1292223
人再囧途之泰囧,10574622
闻香识女人,1298624
无双,26425063
傲慢与偏见,1418200
指环王2：双塔奇兵,1291572
沉默的羔羊,1293544
冰雪奇缘2,25887288
血战钢锯岭,26325320
邪不压正,26366496
疯狂的外星人,25986662
雷神3：诸神黄昏,25821634
禁闭岛,2334904
爱乐之城,25934014
银河护卫队,7065154
湄公河行动,25815034
黑豹,6390825
美国队长2,6390823
色，戒,1828115
冰雪奇缘,4202982
驯龙高手,2353023
小偷家族,27622447
黑客帝国,1291843
惊奇队长,26213252
银河护卫队2,25937854
捉妖记2,26575103
情书,1292220
7号房的礼物,10777687
雷神2：黑暗世界,6560058
小萝莉的猴神大叔,26393561
美丽心灵,1306029
乘风破浪,26862259
消失的爱人,21318488
半个喜剧,30269016
蚁人2：黄蜂女现身,26636712
罗小黑战记,26709258
重庆森林,1291999
恐怖游轮,3011051
老炮儿,24751756
贫民窟的百万富翁,2209573
82年生的金智英,30327842
冰川时代,1291578
穿普拉达的女王,1482072
请以你的名字呼唤我,26799731
捉妖记,25723907
致命魔术,1780330
超时空同居,27133303
无敌浩克,1866475
我的少女时代,26366465
怪兽电力公司,1291579
乱世佳人,1300267
萤火之森,5989818
悬崖上的金鱼姬,1959877
影,4864908
叶问4：完结篇,26885074
辩护人,21937445
心灵捕手,1292656
杀人回忆,1300299
爱在黎明破晓前,1296339
动物世界,26925317
小妇人,26348103
超体,24404677
实习生,10594965
神秘巨星,26942674
穿条纹睡衣的男孩,3008247
一条狗的使命,6873143
西游记之大圣归来,26277313
惊天魔盗团,6517421
蝙蝠侠：黑暗骑士崛起,3395373
雪国列车,3071441
魔女宅急便,1307811
乔乔的异想世界,30170546
奇迹男孩,26787574
黑天鹅,1978709
寻龙诀,3077412
低俗小说,1291832
菊次郎的夏天,1293359
缝纫机乐队,26926321
婚姻故事,27202818
西游降魔篇,5308265
射雕英雄传之东成西就,1316510
搏击俱乐部,1292000
火星救援,25864085
大闹天宫,1418019
恋恋笔记本,1309163
音乐之声,1294408
长江七号,1961963
时空恋旅人,10577869
被嫌弃的松子的一生,1787291
狮子王,26884354
黑客帝国2：重装上阵,1304141
了不起的盖茨比,3364223
死亡诗社,1291548
快把我哥带走,30122633
1917,30252495
饮食男女,1291818
幽灵公主,1297359
阳光普照,30292777
中国合伙人,11529526
银河补习班,30282387
幸福终点站,1292274
断背山,1418834
三块广告牌,26611804
狗十三,25716096
玩具总动员3,1858711
起风了,6791750
烈火英雄,30221757
源代码,3075287
南方车站的聚会,27668250
波西米亚狂想曲,5300054
小森林 冬春篇,25814707
新喜剧之王,4840388
借东西的小人阿莉埃蒂,4202302
我的个神啊,10741643
蜘蛛侠：平行宇宙,26374197
英雄本色,1297574
功夫熊猫3,11589036
玩具总动员4,6850547
重返20岁,25870084
神奇动物在哪里,25726614
小森林 夏秋篇,25814705
拯救大兵瑞恩,1292849
从你的全世界路过,26280528
春光乍泄,1292679
头脑特工队,10533913
无敌破坏王,6534248
敦刻尔克,26607693
功夫熊猫,1783457
爆裂鼓手,25773932
火口的两人,30405087
王牌特工：特工学院,24405378
人在囧途,4237879
速度与激情7,23761370
完美陌生人,26614893
流感,10432911
黑客帝国3：矩阵革命,1302467
从不，很少，有时，总是,33411505
烈日灼心,24719063
地久天长,26715636
东邪西毒,1292328
阳光姐妹淘,4917726
滚蛋吧！肿瘤君,26289144
美女与野兽,25900945
爱在午夜降临前,10808442
惊天魔盗团2,25662337
海街日记,25895901
攀登者,30413052
垫底辣妹,26259677
甜蜜蜜,1305164
一个叫欧维的男人决定去死,26628357
爱在日落黄昏时,1291990
教父2,1299131
大赢家,34670218
后会无期,25805741
侧耳倾听,1297052
速度与激情8,26260853
花样年华,1291557
十二怒汉,1293182
加勒比海盗5：死无对证,6311303
理查德·朱维尔的哀歌,25842038
阳光灿烂的日子,1291875
金陵十三钗,3649049
记忆碎片,1304447
宠爱,33417046
小王子,20645098
大鱼,1291545
港囧,25710912
嫌疑人X的献身,26606743
荒蛮故事,24750126
阿丽塔：战斗天使,1652592
前任3：再见前任,26662193
被解救的姜戈,6307447
X战警：黑凤凰,26667010
恐怖直播,21360417
天才少女,26593587
X战警：天启,25786060
窃听风暴,1900841
死侍2：我爱我家,26588308
真爱至上,1292401
百鸟朝凤,10831445
失恋33天,4873490
遗愿清单,1867345
金刚狼3：殊死一战,25765735
悲伤逆流成河,27102569
小时代,20376577
北京遇上西雅图,10574468
霍比特人3：五军之战,2973079
受益人,30299311
少林足球,1297747
左耳,25745752
再次出发之纽约遇见你,6874403
钢琴家,1296736
死侍,3718279
心花路放,25717233
房间,25724855
彗星来的那一夜,25807345
风之谷,1291585
模仿游戏,10463953
过春天,27191431
喜欢你,26816383
网络谜踪,27615441
两杆大烟枪,1293350
亲爱的,25798222
流浪猫鲍勃,26685451
疯狂的麦克斯4：狂暴之路,3592854
青蛇,1303394
记忆大师,25884801
神偷奶爸2,4915857
新世界,10437779
暮光之城,2268359
霍比特人2：史矛革之战,11606328
霍比特人1：意外之旅,1966182
加勒比海盗3：世界的尽头,1418192
变形金刚,1794171
一代宗师,3821067
沉睡魔咒2,26426056
X战警,1295250
纵横四海,1295409
后来的我们,26683723
神偷奶爸3,25812712
小鞋子,1303021
李茶的姑妈,27092785
战狼,24753810
X战警：第一战,3168089
秒速5厘米,2043546
鬼子来了,1291858
教父3,1294240
蜘蛛侠,1306612
血观音,27113517
闪光少女,26790961
双子杀手,3097572
杀死比尔,1291580
老师·好,27663742
海边的曼彻斯特,25980443
心迷宫,25917973
燃烧女子的肖像,30257175
黑水,30331959
勇敢的心,1294639
大侦探皮卡丘,26835471
玩具总动员,1291575
X战警：逆转未来,10485647
狩猎的时间,27621498
起跑线,26942631
查理和巧克力工厂,1309101
帕丁顿熊2,26340419
X战警2,1305724
侏罗纪世界2,26416062
红辣椒,1865703
水形物语,26752852
无敌破坏王2：大闹互联网,20438964
爆炸新闻,30289194
我是山姆,1306861
E.T. 外星人,1294638
沉睡魔咒,4301224
X战警3：背水一战,1401524
头文字D,1329562
白日梦想家,2133323
岁月神偷,3792799
暴裂无声,26647117
误杀瞒天记,26419637
神奇女侠,1578714
朱迪,27179039
分手大师,24879858
卧虎藏龙,1301168
煎饼侠,25895276
1/2的魔法,30401849
国产凌凌漆,1307739
加勒比海盗4：惊涛怪浪,3227410
极速车王,6538866
超凡蜘蛛侠,2129132
谍影重重,1304102
阿拉丁,26891256
爱丽丝梦游仙境,2336785
爱尔兰人,6981153
阿飞正传,1305690
宝贝计划,1859036
匆匆那年,25779218
新龙门客栈,1292287
大佛普拉斯,27059130
僵尸世界大战,2132473
狼少年,6844868
侏罗纪世界,10440138
绣春刀II：修罗战场,26270502
碟中谍6：全面瓦解,26336252
告白,4268598
蝙蝠侠：侠影之谜,1309069
神奇动物：格林德沃之罪,26147417
小姐,25977027
夏目友人帐,27166442
来电狂响,30377703
终结者2：审判日,1291844
天书奇谭,1428581
荒野猎人,5327268
南山的部长们,30241298
金刚狼2,3718424
列夫·朗道：娜塔莎,34960201
逃学威龙,1302090
食神,1293351
赌神,1300883
陈情令国风演唱会,34973638
超凡蜘蛛侠2,6082518
天下无贼,1291550
小黄人大眼萌,11624706
蜘蛛侠2,1308570
血钻,1428175
速度与激情6,6537500
大护法,26811587
天堂电影院,1291828
闪灵,1292225
言叶之庭,20470074
玩具总动员2,1291574
小时代3：刺金时代,24847340
人工智能,1302827
电锯惊魂,1417598
谍影重重3,1578507
美国往事,1292262
超脱,5322596
华尔街之狼,2997076
萤火虫之墓,1293318
速度与激情5,4286017
暮光之城2：新月,3148027
饥饿游戏,3592853
追龙,26425068
第九区,3006772
十二生肖,4212172
速度与激情,1304899
武状元苏乞儿,1297863
蜘蛛侠3,1418189
狩猎,6985810
香水,1760622
猩球崛起,3274505
无间道2,1307106
碟中谍4,3068206
无人区,3804891
谁先爱上他的,27119586
大内密探零零发,1329936
谍影重重2,1308767
忠犬八公物语,1959195
北京遇上西雅图之不二情书,26322792
我是证人,26313973
赎罪,1950148
不能说的秘密,2124724
速度与激情：特别行动,27163278
燃烧,26842702
一条狗的使命2,27074316
东方快车谋杀案,25790761
小鬼当家,1293088
一天,4191644
遇见你之前,25929151
狄仁杰之四大天王,25882296
悟空传,26035290
生化危机,1306809
扫毒2天地对决,30171425
小时代4：灵魂尽头,24847343
使徒行者2：谍影行动,30423193
陈情令之乱魄,34964056
我是传奇,1820156
我的野蛮女友,1292286
史密斯夫妇,1309199
速度与激情2,1307442
终结者,1300656
好莱坞往事,27087724
变形金刚2,2146991
环太平洋,5323968
湮灭,26384741
小时代2：青木时代,24721493
速度与激情4,2132930
猛禽小队和哈莉·奎茵,30160393
被光抓走的人,30394535
超人总动员2,25849049
暮光之城3：月食,3289086
绣春刀,24745500
绝杀慕尼黑,27024959
变形金刚5：最后的骑士,25824686
无间道3：终极无间,1307694
摩登时代,1294371
红猪,1291838
勇敢者游戏2：再战巅峰,30128985
致青春·原来你还在这里,26290642
孤儿怨,3011308
哪吒闹海,1307315
同桌的妳,24843198
罗生门,1291879
叶问,3041806
变形金刚4：绝迹重生,7054604
卢旺达饭店,1291822
明日边缘,4746257
暮光之城4：破晓(上),3289081
青春派,24735062
爱情公寓,24852545
绿里奇迹,1300374
山楂树之恋,4151110
碟中谍5：神秘国度,10727641
催眠大师,24743711
春潮,27186348
无人知晓,1292337
黑衣人,1301445
速度与激情3：东京漂移,1652618
解救吾先生,25798448
他是龙,26726098
功夫熊猫2,3233635
海底总动员,1291586
恶人传,30211551
变形金刚3,3610047
神话,1307023
爱丽丝梦游仙境2：镜中奇遇记,21441132
无耻混蛋,1438652
孟买酒店,26794701
爱宠大机密,21817627
百变星君,1300498
一一,1292434
小小的愿望,30235440
王牌特工2：黄金圈,26378579
猩球崛起2：黎明之战,7046723
穿越时空的少女,1937946
假如爱有天意,1304073
侏罗纪公园,1292523
驯龙高手2,4824512
澳门风云3,26334559
坏教育,30182877
三生三世十里桃花,25823277
终结者：创世纪,3338862
蒙上你的眼,27092648
“大”人物,26816076
心理罪之城市之光,26774722
只有芸知道,33436135
整蛊专家,1299680
博物馆奇妙夜,1835843
恶棍天使,26290365
瞒天过海：美人计,26654269
国王的演讲,4023638
西行纪之再见悟空,35034171
再见，妈妈,34608294
你看起来好像很好吃,4848115
海市蜃楼,30164448
千钧一发,1300117
微微一笑很倾城,26301582
温蒂妮,34603816
暮光之城4：破晓(下),4889554
风声,3734112
公主日记,1305065
黑衣人：全球追缉,19971676
风中有朵雨做的云,26728669
银翼杀手2049,10512661
逃出绝命镇,26688480
西游伏妖篇,25801066
栀子花开,26021055
环太平洋：雷霆再起,20435622
可可西里,1308857
社交网络,3205624
新警察故事,1306160
厨子戏子痞子,6011806
火锅英雄,25662327
哆啦A梦：伴我同行,25769362
名侦探柯南：贝克街的亡灵,2286642
步履不停,2222996
弗兰肯斯坦,10508921
有话好好说,1296436
智取威虎山,10807909
惊魂记,1293181
正义联盟,2158490
欢乐好声音,26354572
爱宠大机密2,26848167
玛丽和马克思,3072124
精灵旅社,3269068
弱点,3552028
黑帮大佬和我的365日,34968329
魔发奇缘,1863766
非诚勿扰,3313801
饥饿游戏2：星火燎原,6874456
魂断蓝桥,1293964
穆赫兰道,1292217
终结者3,1305333
疾速备战,26909790
牯岭街少年杀人事件,1292329
地球上的星星,2363506
谁的青春不迷茫,26290367
神探夏洛克：可恶的新娘,25920885
送我上青云,27180759
上海堡垒,26581837
2001太空漫游,1292226
私人订制,10605978
嘉年华,27019527
美女与野兽,1297995
头痛欲裂,30452121
家有喜事,1300064
使徒行者,26336253
大象席地而坐,27172891
杀死比尔2,1291584
陈情令之生魂,34786971
爱你，西蒙,26654498
碟中谍,1292484
黑鹰坠落,1291824
比利·林恩的中场战事,25983044
这个男人来自地球,2300586
萨利机长,26416603
万物理论,24815950
地心引力,3793783
山河故人,25890005
画皮2,4218768
饥饿游戏3：嘲笑鸟(上),6533054
7号房的礼物(土耳其版),34875369
入殓师,2149806
你好，之华,27615233
功夫瑜伽,26182910
最好的我们,26266919
疯狂的赛车,2124703
红鞋子和七个小矮人,26820769
一念天堂,26611801
帕丁顿熊,2998373
给我翅膀,30410114
招魂,3804629
怪兽大学,3789848
志明与春娇,4305436
聚焦,25954475
澳门风云2,25858785
鹿鼎记,1297223
她,6722879
万万没想到,26320029
雨人,1291870
碟中谍2,1298525
江湖儿女,26972258
找到你,27140071
白日焰火,21941804
魔兽,2131940
金刚,1309043
风语咒,30146756
赌圣,1298644
碟中谍3,1401533
名侦探柯南：绀青之拳,30208010
英雄,1306123
叶问3,11598977
溺水小刀,26611076
迷雾,1945330
降临,21324900
听说,3824672
龙门飞甲,4896304
变脸,1292659
安娜,27166976
猩球崛起3：终极之战,25808075
九层妖塔,24827406
大空头,26303622
死神来了,1300300
触不可及(美版),26061679
李米的猜想,3230459
比悲伤更悲伤的故事,27624661
超人总动员,1291577
厕所英雄,26942645
喜宴,1303037
举起手来！,1394968
美好年代,30371818
满城尽带黄金甲,1499008
发条橙,1292233
海洋奇缘,25793398
妖铃铃,26966580
灰姑娘,6875263
我想吃掉你的胰脏,27107140
金刚：骷髅岛,26309788
多哥,30271841
他其实没那么喜欢你,2161696
两小无猜,1308817
逃学威龙2,1296201
极限逃生,30210691
疾速追杀,25798131
野性的呼唤,27199324
澳门风云,11625097
昨日青空,26290410
银翼杀手,1291839
摩天营救,26804147
伯德小姐,26588314
蝙蝠侠大战超人：正义黎明,24750534
何以笙箫默,26259634
独立日,1293013
黑衣人3,3642835
冰川时代2：融冰之灾,1437342
黑衣人2,1295280
灵魂摆渡·黄泉,26910820
猜火车,1292528
生化危机2：启示录,1308752
未麻的部屋,1395091
傲娇与偏见,26644002
全民目击,11510624
终结者2018,1410556
西游记女儿国,25829175
神探,2027938
英雄本色2,1297862
美食总动员,1793491
逃离比勒陀利亚,27046758
春娇救志明,26639958
我不是潘金莲,26630781
大卫·戈尔的一生,1305725
摆渡人,25911694
午夜巴黎,4319218
回到未来,1300555
移动迷宫,21349345
一步之遥,6126442
至暗时刻,26761416
二代妖精之今生有幸,26797419
赌侠,1300566
倩女幽魂2：人间道,1296629
生化危机：终章,20471852
朗读者,2213597
丹麦女孩,3071604
艺伎回忆录,1309059
心理罪,26698000
情圣,26879060
隐秘而伟大,6057942
精灵旅社2,21327493
反贪风暴4,27202819
为奴十二年,6879185
生化危机3：灭绝,1482911
狄仁杰之通天帝国,3412830
冰川时代4,4914468
罗曼蒂克消亡史,24751763
廊桥遗梦,1293929
僵尸新娘,1309060
纽约的一个雨天,27089612
生化危机4：战神再生,3041294
幕后玩家,26774033
卡罗尔,10757577
鼠胆英雄,27073057
爱你，罗茜,5153254
叶问2：宗师传奇,3578981
少年班,26219652
雷霆沙赞！,2244426
宝莲灯,1299643
寒战,6890730
诺丁山,1298038
冰川时代3,2357162
万能钥匙,1418752
悲惨世界,6860160
饥饿游戏3：嘲笑鸟(下),10047547
解除好友2：暗网,26725678
汉江怪物,1763134
我是谁：没有绝对安全的系统,25932086
星球大战9：天行者崛起,22265687
生化危机5：惩罚,6532822
追凶者也,26284621
绝地战警：疾速追击,4014397
胭脂扣,1299288
撒娇女人最好命,4881607
归来,21352814
巨齿鲨,26426194
花木兰,1294833
异形,1300868
冰川时代5：星际碰撞,25797778
追龙Ⅱ,30175306
热带雨,30371819
人间失格：太宰治和三个女人们,30364976
密室逃生,27109679
大约在冬季,30362186
蒂凡尼的早餐,1325958
春娇与志明,6386345
城南旧事,1300894
万箭穿心,10537853
红高粱,1306505
至爱梵高·星空之谜,25837262
声之形,26264454
博物馆奇妙夜3,21349734
甲方乙方,1303173
大闹天竺,26389696
黑暗正义联盟：天启星战争,34777818
陆垚知马俐,25849006
风雨哈佛路,1433990
航海王：狂热行动,30329892
钢的琴,4876722
忌日快乐,27027913
变相怪杰,1297570
隧道,26410594
一个母亲的复仇,26996734
非常嫌疑犯,1292214
大侦探福尔摩斯,2998270
扫毒,10763164
裁缝,25697098
宝贝老板,25907029
奇幻森林,25777636
审死官,1305355
普罗米修斯,3771562
怦然星动,26411409
小鬼当家2,1293353
英伦对决,25723583
隐藏人物,26615208
飓风营救,2124586
爵迹,26354336
一树梨花压海棠,1296778
破风,25853727
侏罗纪公园2：失落的世界,1293702
蒙太奇,21937438
狄仁杰之神都龙王,5996801
马达加斯加的企鹅,11810348
寂静之地,26997663
杀破狼·贪狼,26826398
你好世界,30401194
道士下山,24879839
赛车总动员,1428878
疾速特攻,26333560
祖宗十九代,27114417
印度合伙人,27198855
异形：契约,11803087
情人,1291868
极限职业,27597250
太阳照常升起,1766086
魔鬼代言人,1298909
谍影重重5,26266072
十万个冷笑话2,26759539
唐顿庄园,27002635
平原上的夏洛克,33400376
反贪风暴3,26996640
目击者之追凶,11600078
黄海,3743114
面子,1421278
老无所依,1857099
一九四二,6011805
上帝之城,1292208
马达加斯加,1309201
奇门遁甲,26661191
孙子从美国来,10467774
嗝嗝老师,30140571
一级恐惧,1296217
普罗旺斯的夏天,25858604
非诚勿扰2,4271894
战争之王,1419936
小岛惊魂,1301459
回魂夜,1299765
名侦探柯南：通向天国的倒计时,2357703
最佳出价,7059671
两只老虎,30196805
梦幻岛,2364001
杀破狼2,23788440
荒岛余生,1298653
寒战2,20505982
燃情岁月,1295865
特工,26683421
名侦探柯南：引爆摩天楼,1439579
名侦探柯南：世纪末的魔术师,2279152
大红灯笼高高挂,1293323
白雪公主和七个小矮人,1297756
金蝉脱壳,3025447
幸福的拉扎罗,27072795
窃听风云,3412882
侏罗纪公园3,1304643
抓住救命稻草的野兽们,30180781
蓝宇,1308076
马戏之王,3914513
攻壳机动队,25818101
我爱你,5908478
拆弹专家,26748673
助理,30402843
后窗,1299080
鹿鼎记2：神龙教,1306951
养家之人,26346327
笑傲江湖2：东方不败,1294417
落叶归根,1853621
城市之光,1293908
阿黛尔的生活,10535568
斗牛,4009651
超人：钢铁之躯,2049435
虎口脱险,1296909
北京爱情故事,24736566
名侦探柯南：零的执行人,27110363
搜索,6799191
卡拉什尼科夫,34947678
杀生,4176542
哥斯拉2：怪兽之王,25890017
立春,3036997
沉默的证人,26816090
冒牌天神,1297018
哥斯拉,2063914
佩小姐的奇幻城堡,7051830
倩女幽魂3：道道道,1298040
星球大战7：原力觉醒,20326665
投名状,1947089
我脑中的橡皮擦,1308804
伸冤人,3012013
名侦探柯南：瞳孔中的暗杀者,2357701
赌神2,1292506
逆时营救,26667056
太空旅客,3434070
一百零八,30214261
东邪西毒：终极版,3726072
百元之恋,25761178
成为简·奥斯汀,1920805
汉尼拔,1301746
破坏之王,1299745
有一个地方只有我们知道,25858759
神奇四侠,1309103
101次求婚,5319835
前任2：备胎反击战,25881786
死寂,1895120
博物馆奇妙夜2,2257732
名侦探柯南：迷宫的十字路口,2357707
旺角卡门,1304624
陪安东尼度过漫长岁月,26269510
警察故事2013,20266753
师父,25919910
21克拉,26691361
一次别离,5964718
黄飞鸿,1298443
戏梦巴黎,1291856
夏有乔木 雅望天堂,25843976
奇门遁甲,33218378
万物生长,25872931
霹雳娇娃,26612258
犯罪现场,26235346
谍影重重4,3001077
角斗士,1293530
门徒,1890784
安德的游戏,5323957
阿肯色,30355043
浪潮,2297265
月球,3073124
A计划,1297909
变身特工,27000084
落水狗,1299603
如晴天，似雨天,25738406
集结号,1907464
威洛比家的孩子们,27062059
末路狂花,1291992
名侦探柯南：银翼的魔术师,2357711
珍珠港,1302987
功夫之王,1939414
堕落天使,1298112
王牌保镖,22266126
林中小屋,3143676
云图,3530403
传染病,4301043
宫锁沉香,20378811
海底总动员2：多莉去哪儿,11524967
狂暴巨兽,26430636
古墓丽影：源起之战,3445906
犬之岛,26640371
胖子行动队,27149818
黑暗面,6536180
你丫闭嘴！,1303815
地球最后的夜晚,26633257
整容日记,11614603
追随,1397546
警察故事,1400868
加菲猫,1308776
无极,1419969
公主日记2,1308753
忍者神龟2：破影而出,25955779
前任攻略,24751754
桃姐,5977835
河东狮吼,1305265
小羊肖恩2：末日农场,26628382
撞车,1388216
名侦探柯南：第十四个目标,2357699
刺猬索尼克,25905044
乡间小屋,27180906
精灵旅社3：疯狂假期,26630714
小美人鱼,1293120
大坏狐狸的故事,27042405
英国病人,1291853
憨豆特工3,27073234
绝地逃亡,24529353
兵临城下,1301726
小飞象,25924056
降龙大师之捉妖榜,35026126
黑社会,1309220
敢死队,3279080
叫我第一名,4798888
与神同行2：因与缘,27003543
分歧者：异类觉醒,6424814
毒战,10344754
勇敢传说,3036473
末日崩塌,25786077
窃听风云3,10726941
异形2,1293792
如果·爱,1418070
电话谋杀案,1301231
大开眼戒,1300275
狮子王2：辛巴的荣耀,1301757
濑户内海,26362351
木乃伊归来,1298586
理智与情感,1299193
古惑仔之人在江湖,1433736
茶馆,1461403
不一样的天空,1301617
一夜惊喜,16475702
狙击电话亭,1303246
瘦身男女,1303203
黑社会2：以和为贵,1484760
木乃伊3,1997679
春宵苦短，少女前进吧！,26935251
玩命快递,1303139
三峡好人,1872133
艋舺,3737102
古惑仔2之猛龙过江,1473074
之后,30209802
奇怪的她,24879820
大灌篮,1950525
海洋之歌,11584019
精灵鼠小弟,1295242
寄生兽,25774050
101忠狗,1298204
面纱,1441238
星球大战8：最后的绝地武士,22265634
奔跑吧！兄弟,26274910
我的父亲母亲,1294007
保持通话,2359431
愤怒的小鸟2,26863060
孔雀,1309004
金枝玉叶,1303376
雪人奇缘,26929010
星运里的错,22733673
一个人的武林,24695277
孤胆特工,4249355
全城热恋,4066206
星球大战前传1：幽灵的威胁,1294362
九条命,26314816
多力特的奇幻冒险,27000981
蓝白红三部曲之白,1292049
我和厄尔以及将死的女孩,24325923
哆啦A梦：大雄的月球探险记,30249161
麦兜·我和我妈妈,25884416
海绵宝宝历险记,1309156
致所有我曾爱过的男孩,27064658
蜀山传,1308338
群鸟,1310175
睡美人,1297110
我不是王毛,25757187
赤裸特工,1307762
囚徒,3592859
人间·喜剧,27179414
盗钥匙的方法,6880497
铁线虫入侵,6839145
极乐空间,4116481
恋空,3003830
天才眼镜狗,3101548
现代启示录,1292260
给桃子的信,6010171
李雷和韩梅梅,26289138
深夜食堂电影版,25958787
没完没了,1296253
歌舞青春3：毕业季,2215609
惊情四百年,1293124
97古惑仔战无不胜,1293265
给爸爸的信,1299250
屏住呼吸,26704620
夺魂索,1301230
消失的子弹,6991110
赛德克·巴莱(下)：彩虹桥,6393127
安妮·霍尔,1296987
熊出没之雪岭熊风,26220731
大魔术师,4913200
木偶奇遇记,1292757
憨豆先生的大灾难,1294948
伊甸湖,3011997
我愿意,6782006
机械师2：复活,25825412
画壁,5194471
星球大战,1293838
纳尼亚传奇1：狮子、女巫和魔衣橱,1309052
匹诺曹,26886204
岁月的童话,1291588
革命之路,2037012
歌舞青春,1765009
夺宝联盟,5502697
鬼妈妈,1919245
天使陷落,26900949
登堂入室,6537486
重返十七岁,2213591
十一罗汉,1301578
里约大冒险2,11443314
名侦探柯南：第十一名前锋,6984051
名侦探柯南：异次元的狙击手,25782633
电锯惊魂2,1309045
现在去见你,27018285
敢死队2,6040982
破·局,26760160
伴我同行,1292925
年轻气盛,25766754
跛豪,1296272
女性瘾者：第一部,6827727
海扁王,3148748
东方快车谋杀案,1292699
监狱风云2：逃犯,1294019
痞子英雄2：黎明升起,25709273
攻壳机动队,1291936
潜伏2,10485526
暴力街区,1292326
半生缘,1299624
十二罗汉,1292344
无敌幸运星,1400668
钟馗伏魔：雪妖魔灵,25713420
我能说,27000061
绿灯侠,2364054
举起手来2：追击阿多丸号,4926002
欧洲攻略,26351812
新天龙八部之天山童姥,1297517
玩命快递2,1419974
黄飞鸿之西域雄狮,1292843
有种你爱我,24743712
风云雄霸天下,1295469
十兄弟,1460996
跳出我天地,1301169
共同警备区,1306664
擦一擦你那满腹经纶的道貌岸然,32489562
民间奇异志,35041898
异次元骇客,1300282
地心历险记,2037833
双龙会,1296978
闺蜜,25777330
热天午后,1293374
妈阁是座城,26304201
怪物史瑞克3,1433673
可爱的骨头,1892531
科洛弗道10号,2977957
妈妈咪鸭,26603666
0,14
尖峰时刻2,1304642
单身男女2,21359619
东京教父,1310177
华盛顿邮报,26990609
穿靴子的猫,2028585
鼠来宝,2139553
从宫本到你,30426519
醉拳2,1307319
星球大战2：帝国反击战,1296528
续命之徒：绝命毒师电影,30372377
像素大战,25838463
鬼吹灯之龙岭神宫,35023737
阿郎的故事,1293315
杰出公民,26844922
大地惊雷,3626372
空中监狱,1300618
西北偏北,1295872
天若有情,1297710
云南虫谷,26744597
花田喜事,1416728
天·火,30357885
恐袭波士顿,26357945
遗落战境,3895511
爱情呼叫转移,1927686
白头山,30200087
越光宝盒,3928370
编舟记,11500954
回到未来3,1296666
嫌疑人X的献身,2369845
仙履奇缘,1294461
龙纹身的女孩,4206357
特种部队：眼镜蛇的崛起,2223596
极盗者,25809384
飓风营救2,3606971
五十度飞,26323032
花椒之味,26935296
午夜巴塞罗那,1981242
三个老枪手,26266085
洛城机密,1292348
女间谍,25752261
晚秋,4136036
独立日2：卷土重来,4811813
小武,1291851
星球大战前传2：克隆人的进攻,1297785
人间中毒,25700838
红番区,1296011
异星觉醒,26718838
阮玲玉,1293414
钟无艳,1308111
微爱之渐入佳境,24751757
bilibili晚会二零一九最美的夜,34930755
时时刻刻,1305666
憨豆的黄金周,1829654
潘神的迷宫,1767042
全民超人汉考克,1949312
贝利叶一家,25855951
危楼愚夫,25882861
星球大战外传：侠盗一号,25894431
上帝也疯狂,1297478
天气预爆,26994789
夏日大作战,3908423
一个都不能少,1294963
四月物语,1292371
僵尸肖恩,1308755
警察故事3：超级警察,1296203
算死草,1293607
暴雪将至,26775933
保持沉默,26331839
以女儿之名,26384493
窈窕淑女,1297965
特种部队2：全面反击,4301181
天将雄师,25823833
生死狙击,1947549
哭声,25817534
遗传厄运,27621727
死神来了4,2357708
神奇四侠2015,4014396
公民凯恩,1292288
葫芦兄弟,3062897
叶问外传：张天志,26796664
三少爷的剑,21350556
花火,1302642
生存家族,26815162
海洋天堂,4004731
无声的抵抗,27050130
轻松自由,25880937
狮子王3,1401604
电锯惊魂4,1922273
97家有喜事,1305197
幻影凶间,1793903
电锯惊魂8：竖锯,25788426
第五元素,1293531
闪电狗,1793912
洛丽塔,1296992
007：大战皇家赌场,1418190
怪物史瑞克2,1291582
通缉令,1945336
斯隆女士,26703158
极线杀手,27180599
赛车总动员3：极速挑战,25849480
贱女孩,1309084
机器之血,26729868
罗拉快跑,1292275
国家宝藏,1308848
摘金奇缘,26786642
第一滴血5：最后的血,10546436
丧尸乐园2,4185834
一生一世,25713408
昼颜,26877106
朱诺,2132495
我是路人甲,25746375
大白鲨,1294941
天机·富春山居图,5364905
芬妮的旅程,26710657
全金属外壳,1300055
好家伙,1292268
素人特工,27155276
蓝白红三部曲之红,1292047
青春期猪头少年不做怀梦少女的梦,30329902
率性而活,3033085
菊豆,1299365
拆弹部队,2028645
英雄本色3：夕阳之歌,1293759
气球,30192401
宿醉,3233761
铁道飞虎,26389069
大逃杀,1292444
犯罪都市,26946510
疯狂外星人,10827341
女警,30204142
原钻,27045860
007：幽灵党,11620560
星球大战3：绝地归来,1297151
第一滴血,1294323
致允熙,30488003
战马,4206436
第十二夜,26994997
海吉拉,30242164
四百击,1300056
新少林五祖,1296837
惊天危机,10746175
鬼影特攻：以暴制暴,30163500
沉静如海,1769507
赛末点,1433577
伸冤人2,26356631
痞子英雄之全面开战,4154669
无名女尸,26339213
导盲犬小Q,1316572
夺宝奇兵,1296717
本能,1291869
电锯惊魂6,3075983
海上花,1303451
律政俏佳人,1304854
青木瓜之味,1291553
天降美食,3102668
死神来了5,4724373
那个我最亲爱的陌生人,27177463
守法公民,3009161
黄飞鸿之铁鸡斗蜈蚣,1305201
极速风流,6803494
中南海保镖,1297068
尖峰时刻3,1422106
死亡飞车,2132412
但丁密码,24860318
五十度黑,26323031
真实的谎言,1292553
坠入,1890572
前度,4709904
锦衣卫,3754946
雨果,2028677
我的早更女友,25834473
开心家族,6019180
心房客,26356789
梦圆东方2020东方卫视跨年盛典,34926135
歌剧魅影,1291554
赤道,24987018
健忘村,26717795
哪啊哪啊神去村,24741412
季春奶奶,26307755
控方证人,5294851
加菲猫2,1760104
海盗电台,3007773
修女也疯狂,1301509
海绵宝宝,11808948
守护者联盟,3769423
秋菊打官司,1300108
快餐车,1292867
航海王之黄金城,26598021
灯塔,30143336
那年夏天，宁静的海,1295815
仲夏夜惊魂,30288638
特洛伊,1308751
邻家特工,3179758
换子疑云,2028666
我们仍未知道那天所看见的花的名字 剧场版,11584024
电锯惊魂5,2350904
BJ单身日记2：理性边缘,1308819
诸神之战,2131654
非常完美,3240208
危机13小时,26220717
尼罗河上的惨案,1302100
纳尼亚传奇2：凯斯宾王子,1585236
太平轮(上),3078390
黄金三镖客,1401118
超能查派,6846893
白鹿原,4718369
火柴人,1307542
蝴蝶梦,1293824
所以……和黑粉结婚了,26564988
我们永不言弃,30466885
盗火线,1295686
十万个冷笑话,25805054
情癫大圣,1439890
笑傲江湖,1297304
不见不散,1307014
观音山,4059245
小男孩,10773239
亲切的金子,1412579
极盗车神,25933890
春风沉醉的夜晚,3690289
电锯惊魂7,3878157
暴力街区,3718269
未知死亡,3397503
夜·店,3683409
三毛从军记,2132220
飞鹰计划,1302753
天台爱情,10833924
泰山,1294766
穿越大吉岭,1968438
大兵小将,3279107
灵魂战车2：复仇时刻,3077408
灿烂人生,1291831
偷天换日,1301345
导火线,2044102
逃出克隆岛,1395776
千机变,1307740
危城,26125779
王牌对王牌,1293434
男与女,25835285
邋遢大王奇遇记,11502154
咒怨,1306808
勇士,3217169
行骗天下JP：浪漫篇,30241102
澄沙之味,25905124
南京！南京！,2294568
分裂,26600660
兰戈,2998253
超人归来,1418191
重返地球,6828823
横空出世,1464526
独自等待,1308741
醉乡民谣,6887029
黑镜：圣诞特别篇,25964630
无间道(正序版),4860078
天国王朝,1309071
夜行者,25750969
想爱就爱,5360033
汽车人总动员,26416155
大独裁者,1295646
喋血双雄,1296519
杀手没有假期,2044089
分歧者3：忠诚世界,25794302
空天猎,26753020
下一任：前任,26311974
毕业生,1292271
恋爱通告,4707230
生活多美好,1293749
牧马人,1308038
花与爱丽丝,1308820
一念无明,26704590
武侠,4942776
忌日快乐2,30209818
爸爸去哪儿,25785314
秋天的童话,1301912
露水红颜,25831308
坏孩子的天空,1299062
鬼影,1773217
银魂,26816086
地心历险记2：神秘岛,3606973
人类清除计划,10453723
老爷车,3026357
罪恶之家,25955491
翻滚吧！阿信,5244092
歌舞青春2,1986338
战场上的快乐圣诞,1303535
冒牌上尉,27114240
漂亮女人,1293825
虞美人盛开的山坡,5262338
科洛弗档案,2144242
忠爱无言,26995137
白雪公主与猎人,5327463
银河系漫游指南,1292267
丑女大翻身,2037796
长安道,25747204
全球热恋,5290729
深夜食堂,26868553
影武者,1303067
时光机,33401841
托斯卡纳艳阳下,1307052
魅影缝匠,26809592
厄玛,30294332
太极1：从零开始,5996800
我失去了身体,33415943
大块头有大智慧,1300359
鲛珠传,25857966
乱,1296196
与爱同居之永恒的爱,34951277
疤面煞星,1292065
会计刺客,24325861
最后的巫师猎人,10440076
我在伊朗长大,1962116
警察故事4：简单任务,1296947
公牛历险记,25846857
明日世界,6873042
巨额来电,26985857
8英里,1307853
假结婚,3011102
神秘河,1307748
方世玉续集,1295485
超级学校霸王,1305582
爱,6730004
侠盗联盟,25858758
永不妥协,1293050
大上海,10540066
摩登年代,23856234
看见恶魔,4280770
双瞳,1305046
玩命快递3,3018122
我想和你好好的,20444530
奇迹,4832288
通天塔,1498818
超新约全书,25958704
超级大坏蛋,2303163
布鲁克林,10741220
别告诉她,30390144
恋爱假期,1498831
血肉之躯,6021916
开心鬼,1307371
卡拉是条狗,1308573
地雷区,26591654
憨豆特工2,4767216
秘密动物园,30353076
恋恋风尘,1292330
罪恶之城,1309027
菲利普船长,4116480
间谍之桥,25908051
原谅他77次,26857793
玫瑰人生,1898223
蓝莓之夜,1499148
边境杀手,25881247
赤焰战场,3104794
纳尼亚传奇3：黎明踏浪号,2131291
美女与野兽,10562987
极限挑战之皇家宝藏,26607739
局内人,25862354
比得兔,26649604
遥望南方的童年,3037329
理发师陶德,1820145
木星上行,5154799
特警队,30317706
赛德克·巴莱(上)：太阳旗,10450409
冷山,1307332
不可饶恕,3992381
巨鳄风暴,30210700
只有野兽,34614704
坏家伙们,30249076
跳舞吧！大象,30259043
费城故事,1293145
赌神3之少年赌神,1301381
吹哨人,30198715
非常幸运,6984064
心之全蚀,1297233
卑劣的街头,1827713
王者,26410593
国家宝藏：夺宝秘笈,1607471
顽主,1307690
第六感生死缘,1299769
新宿事件,2209368
丧尸乐园,3259993
此房是我造,26369884
魔发精灵2,26985839
极寒之城,26386034
小Q,30376977
生死时速,1293167
蝙蝠侠,1297970
线人,4133814
雪暴,26899146
地道战,3033864
枪王,1306692
帕特森,26677495
罗斯玛丽的婴儿,1293852
机械战警,3077742
非凡任务,26616690
薄荷糖,1303145
夺宝奇兵3,1293471
看不见的女人,30301264
白发魔女传,1293765
世界之战,1309044
赏金猎人,21941770
一个小忙,27072988
环形使者,3179706
虎胆龙威,1292697
壮志凌云,1293799
无间道风云,1315316
花田喜事2010,3804746
白发魔女传之明月天国,10807916
美国精神病人,1301715
幸运钥匙,26329796
爱玛,30361878
地狱男爵,1308851
女汉子真爱公式,26345736
未来水世界,1294037
捉迷藏,26757373
淘金记,1298817
山村老尸,1305114
放·逐,1790577
硬核亨利,25706773
龙的传人,1306057
大师兄,27201353
花好月圆,1308827
飞鹰艾迪,3072064
牛仔裤的夏天,1309203
我的机器人女友,1978369
星愿,1294927
一条狗的回家路,27193043
猛虫过江,26818314
莫里斯,1293456
红磨坊,1304641
人生遥控器,1474185
夺宝奇兵4,1428051
救国同盟,33475049
亚瑟王：斗兽争霸,25864124
大笑江湖,4323732
楢山节考,1296703
母亲,3036460
笑林小子2：新乌龙院,1308927
教授与疯子,26848640
哥斯拉,1295292
愤怒的黄牛,30181789
契克,26586432
偷心,1308974
咖喱辣椒,1301865
我们,27053945
狗咬狗,1853160
空房间,1308833
热血高校2,3074408
怒火攻心,1849959
六指琴魔,1300265
超时空接触,1295647
初恋这首情歌,25855071
机动部队,1302434
古墓丽影2,1307657
金蝉脱壳2：冥府,26905469
喊山,22992794
快乐的大脚,1760027
热血青春,24839498
普罗米亚,27080656
深夜食堂2,26798437
黑金,1292962
小森林,26877492
少年汉尼拔,1482055
神秘代码,2354729
燕尾蝶,1307793
绝地战警,1296102
四兄弟,1419976
勇敢者的游戏,1294990
二次曝光,6878446
第一滴血2,1300361
霹雳娇娃,1293258
熊出没之过年,21359690
范海辛,1309136
天降美食2,7065417
绝代艳后,1476023
十二怒汉,1293989
大明劫,11627068
女尸谜案,10608242
98古惑仔之龙争虎斗,1308290
黄金兄弟,27069427
闺蜜2,25856453
十二怒汉（电视版）,10583098
不成问题的问题,26657126
非常主播,3550132
女朋友，男朋友,6829652
十三罗汉,1471507
邻居,10508876
全城高考,10759926
蓝精灵,2159331
净化之时,30257608
阿Q正传,1306506
太平轮(下)·彼岸,25956520
通勤营救,7056414
千机变Ⅱ花都大战,1308811
降魔传,22557335
反叛的童谣,27073245
麦兜·当当伴我心,10772258
奸臣,25823840
帝国的毁灭,1309115
弗里达,1291852
绿洲,1299582
超级快递,26651353
炙热,25822430
猜火车2,22263645
杀手：代号47,1937621
将爱情进行到底,4896263
冲出亚马逊,1464563
哆啦A梦：大雄的金银岛,27069070
龙虎门,1478926
孔子,3606975
铜雀台,6796158
企鹅公路,30158971
王牌贱谍：格林斯比,25830732
特殊身份,23126901
K星异客,1306607
荒野大镖客,1302522
超级战舰,3742937
神奇燕尾服,1305183
河童之夏,2982823
赤焰战场2,7916027
新世纪福音战士剧场版：Air/真心为你,1308892
她比烟花寂寞,1293708
女性瘾者：第二部,10792650
特工绍特,2153526
行运一条龙,1299550
掠食城市,4221462
追梦赤子心,1294753
沙漠之花,3430271
昆虫总动员,23048775
我控诉,10745208
Re：从零开始的异世界生活 冰结之绊,27607434
致所有我曾爱过的男孩2,30395081
快手枪手快枪手,26219893
十二夜,1302109
然后我们跳了舞,30394484
鼠来宝4：萌在囧途,25760247
辉夜姬物语,4099231
绝地战警2,1307917
精疲力尽,1353745
午夜凶铃,1307696
阿黛拉的非凡冒险,3628370
枪王之王,4133988
诗,3212965
新精武门1991,1306733
秘果,26650037
在蓝色时分飞翔,30379982
宝贝儿,27039069
外公芳龄38,26415200
为黛西小姐开车,1293204
开心鬼撞鬼,1306712
阿德尔曼夫妇,26951692
宠儿,26628282
三国之见龙卸甲,1947091
黑洞频率,1294183
本命年,1296266
茜茜公主,1304056
与犯罪的战争：坏家伙的全盛时代,5924362
星河战队,1295384
风暴,20388198
花木兰,3264045
不可思异,26277156
巴霍巴利王：开端,25753326
鲨滩,26000205
杜拉拉升职记,3820191
不可饶恕,1293566
国家公敌,1297544
运转手之恋,1296015
明月几时有,26425072
蜂鸟特攻,10487568
龙凤店,4735944
王朝的女人·杨贵妃,5993138
精武门,1294991
金玉满堂,1295374
丁丁历险记,2028669
断头谷,1296078
四个婚礼和一个葬礼,1294950
奥林匹斯的陷落,10743974
浪客剑心,6558801
她,26022182
三枪拍案惊奇,3718447
冰封：重生之门,6973460
偷自行车的人,1295873
少年斯派维的奇异旅行,6985803
杀人者的记忆法,26391916
007：大破量子危机,1946882
我的间谍,30288636
绝世高手,26754831
铁血战士,25917789
封神传奇,25850122
海贼王剧场版Z,10467125
行骗天下JP：运势篇,30476406
我的1919,1316511
猎凶风河谷,26389601
咖啡公社,26340522
精灵鼠小弟2,1306802
悲情城市,1294194
奇爱博士,1322848
走出非洲,1291840
信笺故事,26793852
新扎师妹,1308655
海角七号,3158990
别惹我,10766459
创：战纪,2997134
搞定岳父大人,10831449
国际市场,21937450
训练日,1304898
在云端,3077791
夏洛特的网,1457218
活死人黎明,1309088
香肠派对,4944008
王牌逗王牌,26662192
买凶拍人,1300616
密阳,1853770
一呼一吸,26806528
乌云背后的幸福线,3094909
雷米奇遇记,27046645
建筑学概论,6900092
那家伙的声音,2067450
六弄咖啡馆,26351867
忍者神龟,1418187
爱·回家,1299361
胜者即是正义SP,21332518
火影忍者剧场版：博人传,26282448
蝴蝶君,1293643
虫虫危机,1291573
机械师,1309160
致命黑兰,5028536
黄金罗盘,1585146
太极2：英雄崛起,10573695
将来的事,26215216
一眉道人,1472783
挪威的森林,3168086
的士速递,1294262
海啸奇迹,4832825
青年警察,26892281
近距离恋爱,25853073
速度与激情9,25728006
启示,1450031
天才一族,1306031
奇谋妙计五福星,1293658
美食、祈祷和恋爱,2033822
喜羊羊与灰太狼之虎虎生威,4082101
熊出没之夺宝熊兵,24753811
与君相恋100次,26766760
单身男子,3275168
爱德华大夫,1293973
怪物史瑞克4,2072478
星空,5993185
春夏秋冬又一春,1316580
云的彼端，约定的地方,1381964
老千,1915180
妈妈咪呀,2054024
喜羊羊与灰太狼之牛气冲天,3356338
全职高手之巅峰荣耀,27145041
从天“儿”降,26279120
我们俩,1756073
小城之春,1323746
点球成金,3023164
女孩,30194769
被涂污的鸟,5327156
突袭,6771529
天使与魔鬼,1927369
极品飞车,20257326
边境风云,11501396
简爱,3073073
恐龙当家,6875863
隧道尽头,26661229
恐怖蜡像馆,1309184
传奇,25887846
小鬼当家4,1422925
逆世界,3566266
安娜贝尔,25812885
胜者即是正义 2014SP,26020814
爱丽丝梦游仙境,1310178
瑞士军刀男,26437237
101真狗,1293135
过年好,26698301
新乌龙院之笑闹江湖,26309969
春天的故事,1293632
寻枪,1305224
色即是空,1305279
大追捕,6738735
致命伴旅,4190211
海扁王2,4830478
孤岛惊魂,5364987
猛龙过江,1306870
魁拔Ⅲ战神崛起,24723061
绝密跟踪,20388224
大话王,1295318
第一滴血3,1300399
撞死了一只羊,30283179
密战,26316956
伦敦一家人,5327189
卡特教练,1309017
名侦探柯南：章节ONE 变小的名侦探,26877406
传奇的诞生,3073268
新上海滩,1293142
雄狮,26220650
单身日记：好孕来袭,3868141
白雪公主之魔镜魔镜,5967821
泰山归来：险战丛林,2131669
朱莉与朱莉娅,2996640
荆轲刺秦王,1294693
天空之眼,10484117
黑夜传说,1307527
第一滴血4,1440855
阿修罗,26389331
22英里,26437223
阳台上,27135473
你是凶手,26762744
鼠胆龙威,1295106
巴霍巴利王2：终结,26420932
小门神,25845910
蜡笔小新：呼风唤雨！猛烈！大人帝国的反击,1958667
银行家,30346880
波普先生的企鹅,3602084
海滩游侠,3837666
恐怖分子,1305261
南极大冒险,1477448
为美好的世界献上祝福！红传说,30258072
血色将至,1945780
焦点,20277433
梦想合伙人,26299410
夏目友人帐 第六季 特别篇 铃响的残株,27121232
小熊维尼历险记,1296684
摇摆狂潮,27042467
成长教育,3011093
斯托克,4896894
嫌疑人X的献身,6869412
赌侠1999,1300070
美国派,1295253
天水围的日与夜,3077668
爱神,1309029
战栗空间,1306911
鼠来宝2：明星俱乐部,3071461
诸神之怒,4824515
爸爸去哪儿2,25951736
爱,4798707
丈夫得了抑郁症,5968334
突袭2：暴徒,10535562
惊变28天,1306421
超验骇客,10810745
危险关系,6527269
十全九美,3126196
欢乐喜剧人,26850326
上帝之国,26781703
来了,30140229
京城81号2,26662798
夏天的故事,1302675
寄宿学校,30201003
神战：权力之眼,26662345
夜间飞行,25823035
风雨同路,1302451
幽冥,20514871
英雄本色2018,26827040
虎胆龙威3,1299837
公主与青蛙,1949005
捉迷藏,24839091
最初的梦想,34787747
隐秘的生活,26823502
K歌情人,1937401
名侦探柯南：江户川柯南失踪事件 史上最惨的两天,26087473
天生杀人狂,1292229
钢琴课,1293818
简爱,1422992
法官老爹,10546747
世界末日,1292769
心理游戏,1296384
风语者,1295120
五亿探长雷洛传1：雷老虎,1297248
夜行动物,26353372
你的婚礼,26411377
娑婆诃,27109171
一个好人,1295547
13骇人游戏,2042617
家园防线,11601131
绿茶,1308699
反转人生,25827741
真实,26362764
黑暗侵袭,1437109
魔法保姆麦克菲,1428877
逗鸟外传：萌宝满天飞,26374205
中国城,25890078
救火英雄,20443013
地狱男爵2：黄金军团,1873750
高草丛中,26419635
蓝精灵：寻找神秘村,19899718
小鹿斑比,1295148
八月迷情,1844413
最好的时光,1421809
赌圣2：街头赌圣,1433602
命中注定,25881780
天龙特攻队,2174535
我左眼见到鬼,1299374
宿醉2,3654340
冲上云霄,7003416
寂静人生,10755367
三毛流浪记,1434272
魁拔之十万火急,4812830
一路惊喜,25880244
卧虎藏龙：青冥宝剑,21327512
追捕,26348414
八部半,1361276
无姓之人,2076181
纯真年代,1301465
潘多拉,26169607
异形大战铁血战士,1308769
莫扎特传,1293399
野草莓,1293071
西部往事,1293394
小飞侠彼得潘,1307931
小鸡快跑,1292973
永无止境,3041269
意外,3013580
胜者为王,1298252
间谍同盟,25978126
用心棒,1292515
暗恋桃花源,1299889
闰年,3036464
游戏之夜,26949241
睡梦医生,25932065
神探夏洛克：福至如归,25798411
日落大道,1298733
魔弦传说,26287884
花容月貌,21815004
王的男人,1466394
功夫梦,3074503
女人不坏,3230462
127小时,4164444
马柔本宅秘事,26961821
雪怪大冒险,26944582
怒火攻心2：高压电,3011574
等一个人咖啡,25753166
精英部队2：大敌当前,4304402
圣诞夜惊魂,1297131
怒火救援,1309116
龙在少林,1419904
三人行,26235349
最后的武士,1299383
夺命金,3532614
杀人漫画,24695966
等着你,25890079
人类清除计划2：无政府状态,25775571
鸿门宴传奇,5908477
童年往事,1300572
冒险王,1294114
纯洁心灵·逐梦演艺圈,26322774
斯图尔特：倒带人生,2133337
天使之城,1292212
记忆中的玛妮,25790555
怪物之子,26280710
安娜·卡列尼娜,6110546
日照重庆,4824223
最爱女人购物狂,1464338
妈妈再爱我一次,1432972
昆虫总动员2——来自远方的后援军,26729867
孤独的幸存者,3836070
关于莉莉周的一切,1292219
的士速递2,1302271
蝙蝠侠归来,1294929
光荣之路,1292969
相助,3792848
洛奇,1295742
魁拔之大战元泱界,7051357
僵尸叔叔,1302393
军舰岛,26445216
当男人恋爱时,23712401
时尚先锋香奈儿,2148257
协商,27040853
极限特工2,1309209
乌龙特工,3927749
百变狸猫,1303907
赌侠大战拉斯维加斯,1308129
最美的时候遇见你,11505245
杜拉拉追婚记,26322809
福音战士新剧场版：破,2567646
大都会,1298107
盗梦特攻队,30272143
当哈利遇到莎莉,1291842
新乌龙院2无敌反斗星,1304132
福星高照,1293732
火箭人,6895950
请叫我英雄,25899379
结婚大作战,2054026
玻璃樽,1306541
这就是命,27037539
和声,4861627
站台,1291850
杀戮都市：O,26666177
乐高蝙蝠侠大电影,26145033
摩天楼,5968834
黄飞鸿之四：王者之风,1294011
若能与你共乘海浪之上,30345226
梅兰芳,1891179
坏种,30317630
透明人,1293470
墨攻,1455979
青禾男高,26787124
我要复仇,1304026
和平饭店,1293867
明日的我与昨日的你约会,26707472
全民情敌,1309020
要强的人,34461680
望夫成龙,1298603
共助,26616145
2020年北京卫视春节联欢晚会,34943623
新步步惊心,25945356
自闭历程,3236904
雾中风景,1294252
克莱默夫妇,1300685
唐人街,1293889
处子之山,26304901
舞出我人生,1829230
僵尸家族,1306403
惊声尖笑,1299981
宿醉3,7051900
异星战场,1985677
新咒怨(美版),25851683
双鱼陨石,35055448
虎胆龙威4,1401535
攻壳机动队2：无罪,1291566
杀戮,4913185
浓情巧克力,1301890
柏林,6886518
虎胆龙威5,4312428
那一夜，我给你开过车,34142992
男儿本色,2080133
那夜凌晨，我坐上了旺角开往大埔的红VAN,21354060
虎胆龙威2,1300537
鲁邦三世VS名侦探柯南 剧场版,24298212
羞耻,5360890
关灯后,26684564
边境杀手2：边境战士,26627736
的士速递5,27615564
刺陵,3305722
南海十三郎,1303913
天伦之旅,3041749
暗花,1292450
天上再见,26731376
冰血暴,1292067
初吻2,1292864
异度空间,1303184
苏丹,26728641
解除好友,26281899
中华英雄,1294671
星之彩,30307197
人类清除计划3,26101255
弗兰西丝·哈,11527487
吾栖之肤,2997052
狂蟒之灾,1300830
惊变28周,1758487
玛丽与魔女之花,26935777
第一次,7155083
老鼠爱上猫,1307849
双子神偷,1962508
决战食神,26711487
中国合伙人2,30293828
福音战士新剧场版：序,1968790
依然爱丽丝,25815008
逃狱三王,1292264
父辈的旗帜,1478066
黑夜传说2：进化,1422920
生吃,26653833
奇葩朵朵,26718803
蝙蝠侠：黑暗骑士归来(下),11443810
当怪物来敲门,25872311
逆战,5977836
倒忌时,33381474
地狱男爵：血皇后崛起,24750460
危险的谎言,33404483
黑夜传说4：觉醒,3990098
亲吻亭,26969244
衣橱,30241301
解放·终局营救,30454698
啊，荒野 前篇,26842503
弗兰兹,26616719
人类之子,1478064
蓝精灵2,6870493
巨人捕手杰克,3415993
决战紫禁之巅,1307868
刘若英“陪你”线上演唱会,35044551
十月的天空,1293753
福音战士新剧场版：Q,2567647
我，花样女王,26756049
漫长的告别,30327897
裂缝,3007817
奇迹,1293941
埃及艳后,1292550
东方三侠,1304091
追逐繁星的孩子,4246125
鼠来宝3,4706257
一本漫画闯天涯,1307456
冥界警局,3264229
2020爱奇艺尖叫之夜,34913607
超感猎杀：完结特别篇,27040774
基督圣体,30462527
驱魔人,1293755
父子雄兵,26898747
马达加斯加企鹅：行动,5322572
圣殇,10487226
好好先生,2147854
骗子,26770697
捉迷藏,1308995
阿尔法：狼伴归途,26810318
碧海蓝天,1300960
东京家族,5996409
金氏漂流记,3586725
死亡录像,2255841
失眠症,1307210
完美无瑕,2132290
野孩子,2251924
猫狗大战,1305071
亚当斯一家,1293718
欲望号街车,1293590
边缘日记,1292585
韩公主,25717896
刀锋战士,1298120
白夜行,4822829
一个购物狂的自白,2338058
韩城攻略,1393479
猎神：冬日之战,10791575
伟大的愿望,26329059
厉鬼将映,3529375
天作谜案,27133050
魔法灰姑娘,1304038
洛杉矶之战,3041264
巴黎淘气帮,3157605
金色梦乡,3660428
金矿,7065334
奇门遁甲,1302654
纽约黑帮,1301061
莎翁情史,1300220
致命弯道,1303847
300勇士：帝国崛起,3148089
美国X档案,1293527
欲望都市,2082013
正义的慈悲,26581206
最佳拍档,1306011
麦兜响当当,2277018
天才捕手,5262339
老千2：神之手,10877413
熊出没·变形记,27176717
玩命速递：重启之战,24718797
高山下的花环,1422283
游戏人生 零,26837952
向左走．向右走,1308587
你想活出怎样的人生,26925611
开罗紫玫瑰,1292994
喜福会,1299923
驭风男孩,27176742
锅匠，裁缝，士兵，间谍,3338851
幻影车神：魔盗激情,6558262
冒牌天神2,1867332
地球停转之日,2225321
神偷奶爸4,30170847
利兹与青鸟,27062637
结婚礼服,4230918
极度深寒,1293515
惊天大逆转,26375609
深海浩劫,22266320
雪花秘扇,4135434
小鬼当街,1299952
美国骗局,6873657
波西·杰克逊与神火之盗,3090455
喜马拉亚星,1419416
海贼王剧场版10：强者天下,3915458
小公主,1293993
黄飞鸿'92之龙行天下,1294549
铤而走险,30184555
关云长,4821046
我最好朋友的婚礼,26394441
成事在人,2136824
幸运是我,26351526
极速蜗牛,6070226
蝎子王,1306610
辛亥革命,4896305
夜孔雀,24743728
南汉山城,26800978
全面回忆,3569911
霹雳火,1299502
人兽杂交,2301701
危情十日,1292850
金枝玉叶2,1302054
有希望的男人,6845529
阿基米德大战,30267284
当你熟睡,3731626
龙凤斗,1308838
我知女人心,4845414
与狼共舞,1293764
杀死一只知更鸟,1297991
风中奇缘,1301342
美少年之恋,1306317
证人,3312344
浪客剑心：京都大火篇,24845115
龙兄虎弟,1299858
蝴蝶效应3：启示,3077413
印度暴徒,27019982
元气少女缘结神 新婚篇,26899000
大河恋,1292718
超人,1300916
检察方的罪人,27035334
布鲁克林秘案,1469353
黑夜传说3：狼族崛起,2132941
侠探杰克,3231740
苏乞儿,3736637
白蛇传说,4942778
吸血鬼猎人D,1306982
焦土之城,4935242
猎杀U-571,1293770
电子情书,1293555
小兵张嘎,1461964
贼巢,3143727
怪兽屋,1482107
钱学森,6041200
游侠索罗：星球大战外传,25900947
霹雳娇娃2,1297003
玩命直播,26313740
疯狂的麦克斯,1295670
精武风云·陈真,3792816
夺命公寓,34457952
血滴子,2994851
回忆三部曲,1307897
死无对证,30384019
夜半歌声,1304826
官方机密,26718799
你眼中的世界,10549480
天地大冲撞,1293131
力王,1308912
衣柜里的冒险王,26715965
门锁,27617348
她唇之下,26815983
第12届中国金鹰电视艺术节颁奖典礼,30352998
乡愁,1291556
黄昏双镖客,1295586
沉默的教室,27608785
刀,1401962
霍乱时期的爱情,2002743
安娜贝尔3：回家,30207919
黑暗迷宫,26715845
第39届香港电影金像奖颁奖典礼,33412940
小飞侠,1296538
铁皮鼓,1292207
沦落人,30140231
梁祝,1310159
关于无尽,26884422
夏日福星,1303717
决胜时刻,30481973
硬汉,2222995
新世纪福音战士剧场版：死与新生,1455442
百万英镑,1304374
同心难改,3144512
巴比龙,26636537
鬼打鬼,1422908
琼斯先生,30167512
摇啊摇，摇到外婆桥,1292900
预见未来,1793909
大世界,26954003
家有喜事2009,3244162
剧院魅影：25周年纪念演出,24751811
洞,1424334
雾都孤儿,1418194
我最好朋友的婚礼,1295965
龙珠超：布罗利,27607378
我的P.S.搭档,10491641
云水谣,1949811
刀锋战士2,1306894
坐火车旅行,30334075
摇滚莫扎特,25754522
豪勇七蛟龙,10774184
杀人优越权,26858970
喜羊羊与灰太狼之兔年顶呱呱,5364978
辛普森一家,1851906
日日是好日,27185563
美人计,1300766
灾难艺术家,25944886
独自在夜晚的海边,26718282
水浒传之英雄本色,1297924
蚯蚓,27038968
秦时明月之龙腾万里,6721670
超脑48小时,25944714
通灵神探,3217142
地雷战,1464540
007之黑日危机,1293174
刀剑神域：序列之争,26634179
大事件,1308855
哥哥太爱我了怎么办,26874517
那些女人,26574965
坏蛋必须死,26289126
椿三十郎,1293310
仙境之桥,1860745
科学怪狗,2336783
黑洞表面,1298041
万有引力,4906427
代号47,21350962
风云2,2997155
奔爱,26637534
杀死汝爱,10453731
游园惊梦,1304708
魔发精灵,7065238
江湖,1308850
狼牙,3082452
脱单告急,26661189
夏目友人帐 第五季 特别篇 一夜酒杯,27011740
上帝也疯狂2,1294490
自梳,1304648
有熊谷守一在的地方,27147739
硫磺岛的来信,1917171
蜡笔小新：新婚旅行飓风之遗失的野原广志,30394807
最爽的一天,26680247
创可贴,10439235
叔·叔,33428622
神奇四侠,4263789
再见 南屏晚钟,30439557
德鲁大叔,27074301
铁拳男人,1418519
太极旗飘扬,1304972
绝美之城,10760030
偷天陷阱,1300069
吾乃母亲,27129560
漫画威龙之大话特务,34957970
红雀,25704492
未定名加勒比海盗续作,6311305
独立时代,1304476
放大,1310176
巴黎，我爱你,1783772
谜一样的双眼,4066125
最终幻想7：圣子降临,1422063
海鸥食堂,1892578
风柜来的人,1299436
金刚不坏,2080007
星游记之风暴法米拉2,27599401
蛇形刁手,1498658
黑镜：潘达斯奈基,30414462
一路顺疯,20452308
遇见你真好,26967920
大话天仙,4913222
绿野仙踪,1292625
骆驼祥子,1307970
蓝色情人节,2974278
录取通知,1815638
鸣梁海战,7065161
熊出没·原始时代,30335059
安娜贝尔2：诞生,26644205
断片之险途夺宝,26882457
切腹,1304920
人生密密缝,26754513
华尔街,1292531
灵幻先生,2127388
国家破产之日,27197086
开心鬼上错身,1759975
搬迁的大名,30210095
哆啦A梦：大雄的南极冰冰凉大冒险,26839466
回到过去拥抱你,27073835
未来警察,3329192
永恒和一日,1293455
关于我母亲的一切,1291937
苔丝,1291872
海贼王剧场版1：黄金岛冒险,1856675
爱有来生,3155477
香草的天空,1299054
小飞侠,1578510
郁川浮游,33437017
寻子遇仙记,1293270
艾特熊和赛娜鼠,6518638
七磅,2969282
我自己的爱达荷,1292792
每分钟120击,26746559
百万元与苦虫女,2157504
八美图,1299292
新僵尸先生,1305789
女狙击手,26356495
盲证,5353344
独家新闻,1451911
不存在于记忆中,30292843
鲨海逃生,27186353
偶滴神啊,19945757
蝙蝠侠：黑暗骑士归来(上),11443807
乐高大电影,3927734
开心鬼放暑假,1305915
惊声尖叫,1301630
命运规划局,3569943
伤城,1867408
暗战2,1308120
夏目友人帐：曾几何时下雪之日,25736048
生之欲,1293847
秋刀鱼之味,1294433
南极料理人,3399559
狐踪谍影,30181470
蝴蝶,1292056
对她说,1292211
醉拳3,1303436
暴疯语,25742299
保镖,1299362
浪客剑心：传说的完结篇,24845116
这里的黎明静悄悄,26384515
十七岁的单车,1291847
证人,30306764
海洋深处,3582181
那天的氛围,21766698
魔法师的学徒,3267120
人妖阿发 痴人三部曲 1/3,34967373
金色豪门,1301480
火车怪客,1298505
走到尽头,25766529
情人节,2368641
东京攻略,1307043
格蕾特和韩塞尔,34807058
卡比利亚之夜,1294781
巴里·林登,1292472
一夜风流,1295684
梦,1299112
新不了情,1292950
勇者行动,5157137
五亿探长雷洛传2：父子情仇,1300774
疯狂的麦克斯2,1292453
怪胎,30294963
时光尽头的恋人,6039412
熊出没·奇幻空间,26831711
七剑,1401205
人类清除计划4,26905717
喵星人,26747836
疯狂约会美丽都,1291565
伊万的童年,1294421
洗澡,1303485
魔法保姆麦克菲2,3671986
被操纵的城市,26340301
盛夏光年,1914831
魔法奇缘,1971111
蛋炒饭,6083109
了不起的菲丽西,26382767
邻座的怪同学,27042544
鸭王,26279166
愤怒的公牛,1293155
喋血街头,1295344
质朴却厉害！校阅女孩 河野悦子,27045345
三十九级台阶,1298412
小花的味噌汤,26277182
云中行走,25819229
不汗党,26770698
天使之恋,4196129
火影忍者剧场版：终章,25938113
危险关系,1292335
双食记,2052978
绑架者,26602933
河东狮吼2,6221409
热情如火,1292574
小姐与流浪汉,1300075
阳光下的罪恶,1300266
穿裘皮的维纳斯,19955828
夜以继日,27037053
古惑仔情义篇之洪兴十三妹,1307345
真相,30140107
冲锋车,25811357
假装情侣,4858775
快乐到家,11610693
神探夏洛克(试播集),5258017
回家的路,6080840
地球之夜,1301498
帝一之国,26691320
道熙呀,25762566
龙之谷：破晓奇兵,11443316
借刀杀人,1308762
罗马的房子,3431336
死亡实验,3805091
三方国界,3927789
阴曹使者,30181079
夏威夷,20256636
金发男子,27594856
摇滚校园,1308620
喜欢，轻吻，快跑,26979199
银行大劫案,1889152
恋爱回旋,26972275
白夜行,3822842
我的青春都是你,26923506
鬼吹灯之怒晴湘西,30345846
谋杀似水年华,26263919
变脸,1293237
魔术师,1921583
第七封印,1293234
赌城风云,1299799
触不到的恋人,1306526
神奇队长,25834735
小熊维尼,3780045
你的鸟儿会唱歌,26969120
银魂2,27199577
第九道门,1294789
刀锋战士3,1308978
波西·杰克逊与魔兽之海,10439805
狐妖小红娘剧场版：月红篇,26972694
五至七时的克莱奥,1294565
龙争虎斗,1293118
造雨人,1298047
冷血追击,26810068
心愿房间,30386678
惊天破,26220722
布兰卡和弹吉他的人,26596361
花魁,1850963
克里斯托弗·罗宾,26359235
商海通牒,4888853
娜娜,1421823
深空失忆,3011617
五尺天涯,30135110
人皮客栈,1456197
生化危机：复仇,26876342
电梯里的恶魔,3268171
拧紧,27605034
镜子,1299248
雌雄大盗,1294584
机械心,3001149
八面埋伏,1309064
驱魔警察,1299667
007之择日而亡,1303773
环游地球八十天,1308772
蝙蝠侠与罗宾,1294519
我的青春期,24875658
桃色公寓,1394218
我杀了我妈妈,3707070
海贼王剧场版4：死亡尽头的冒险,2279997
情动假日,6531219
超人之死,27098364
动物园长的夫人,24522026
魔力月光,24470523
鹰眼,2264715
副本：义体置换,30373716
偷心女盗,3230155
我们的十年,25908065
谎言西西里,26271094
百万巨鳄,10527288
既然青春留不住,25962735
中央车站,1292218
逆光飞翔,10733376
箭士柳白猿,7564989
好小子们,27115166
独行侠,3024838
的士速递4,1929443
尼斯湖怪：深水传说,1866424
黑侠,1295746
夏日乐悠悠,6514105
华丽上班族,11776289
肆式青春,30156898
爱情呼叫转移Ⅱ：爱情左右,3344570
狼鹰,35015974
爱在记忆消逝前,3036465
局内人,1441801
极地特快,1306785
危情时速,3011459
登月第一人,3026559
拜见岳父大人,1294829
青蜂侠,2147836
美好的意外,26382962
下水井,25786057
王的盛宴,4202204
如影随心,26871669
武林怪兽,26425062
超感猎杀：圣诞特别篇,26926703
艺术家,6097775
听到涛声,1418640
赴汤蹈火,26389148
黄土地,1291876
我的国王,25843022
猎头游戏,5155038
不忠,1305456
今夜在浪漫剧场,27039378
最普通的恋爱,30331424
夕阳天使,1300608
新英雄本色,1296895
绝代双骄,1295987
蝴蝶效应2,1578509
修女,26825664
大路,1292719
星际牛仔：天国之门,1307031
海贼王剧场版9：冬季绽放的奇迹之樱,3017508
纸月亮,1303357
海贼王剧场版6：狂欢男爵和神秘岛,3263410
海贼王剧场版7：机关城的机械巨兵,1860453
剑鱼行动,1304608
007之黄金眼,1292677
茉莉花开,1302795
阅后即焚,2054933
狱中豪杰,2364982
神勇奶爸,1308991
倾城之泪,6738760
夏目友人帐 第六季 特别篇 梦幻的碎片,27167055
上海滩,6311260
天佑鲍比,3154003
钢铁巨人,1293863
啊，荒野 后篇,27030639
西葫芦的生活,24860289
危情三日,3808604
斯巴达克斯,1298366
午餐盒,20388680
弗兰克,10763928
爸妈不在家,24324730
广岛之恋,1302050
红玫瑰白玫瑰,1297036
生死停留,1432180
伯纳黛特你去了哪,21354767
赶尽杀绝,1947080
狼狈,10439358
空中大灌篮,1300659
回归之路,30345227
黑暗阴影,2227293
忠烈杨家将,5996799
寂静岭2,2117898
死寂逃亡,27050133
神奇侠侣,4728471
2019腾讯视频星光盛典,34930756
黑皮书,1858802
花与爱丽丝杀人事件,26147706
入侵脑细胞,1293171
钢琴教师,1306730
噩梦娃娃屋,27012731
野兽,30347029
少年,26754643
财神客栈,4707596
大武生,5355187
冬天的故事,1293388
怪形,1296794
暴力街区13：终极,3114109
地心营救,10568385
军中乐园,20515070
火星人玩转地球,1297715
波斯王子：时之刃,1819388
星际传奇,1296459
霸王花,1408315
海云台,2364074
舞女大盗,30294313
宝莱坞机器人2.0：重生归来,26981165
老师！我可以喜欢你吗？,26901234
请寻找我,30151048
幻体：续命游戏,24325815
名侦探柯南 真人版 Ⅰ,1998649
百团大战,26421030
彩虹照耀,3750554
我们的世界,26616436
海滩的一天,1298871
梅子鸡之味,5151357
玻璃之城,1303590
江湖告急,1308252
奎迪,24875409
太阳泪,1307463
勇敢者的游戏2：太空飞行棋,1370276
蜜蜂与远雷,27026494
星际传奇3,3652297
庞贝末日,2083735
侠探杰克：永不回头,25789402
消失的凶手,25778483
德州巴黎,1302061
光棍儿,4946963
双宝斗恶魔,4180445
忘不了,1308749
的士速递3,1308156
我在你床下,30158829
我唾弃你的坟墓,3097044
大武当之天地密码,6957273
魔卡少女樱剧场版：被封印的卡片,3117778
生日卡片,26438851
故事的故事,25767747
我想成为贝壳,2174127
预产期,3071469
魔境仙踪,4816602
玉观音,1308745
秦明·生死语者,27090753
我的新野蛮女友,26012321
天堂回信,1418076
神女,1302210
侠女,1306490
我的名字叫可汗,3169043
秋天的故事,1294140
精英部队,2284851
超市夜未眠,1945549
谋杀绿脚趾,1300044
冰冷热带鱼,4830236
小姐好白,1309120
捉贼记,1295622
超能失控,6053731
圣杯神器：骸骨之城,4126925
麻烦家族,26907450
情枭的黎明,1292646
海贼王剧场版8：沙漠公主与海盗们,2085498
芭比之真假公主,1917777
边城,1305978
风月,1302874
撕裂的末日,1305566
这时对那时错,26297388
神秘拼图,1294621
死亡幻觉,1306662
美人鱼,1580620
特务迷城,1302242
触不可及,25789352
HOLD住爱,10539139
东北往事之破马张飞,26691509
婚姻生活,1292981
辣手神探,1293147
狂凶记,1295820
迪丽丽的奇幻巴黎,26695000
触不到的恋人,1474180
龙凤配,1293868
失乐园,1308567
无所不能,26876252
古今大战秦俑情,1300082
72家租客,4062922
永远的蝙蝠侠,1295638
熊出没之熊心归来,26330955
老千3：独眼杰克,26665875
魔警,20515977
鸭王2,26614645
刺杀肯尼迪,1292230
双重赔偿,1293226
紫色,1294503
芭比之十二个跳舞的公主,1898129
绿光,1294039
爱在罗马,6128003
破事儿,2346881
铁拳,5446197
八星报喜,1305564
妈妈的朋友：她的性感告白,30172089
狼犬丹尼,1309211
沃伦,26881114
孩子王,1293391
怒,26279289
方形,26610229
冒牌家庭,10745405
甜心先生,1293158
东京审判,1949812
疯狂愚蠢的爱,4215790
许三观,11540651
恩娇,6710798
律政俏佳人2,1307181
最佳女婿,1400666
玉子,26365236
龙牌之谜,26367602
地下,1292206
光荣之路,1457219
飞向太空,1300977
处女泉,1293156
祖与占,1292338
资产阶级的审慎魅力,1303364
黑暗中的舞者,1291562
海贼王剧场版3：珍兽岛的乔巴王国,2252594
龙的心,1294251
漫画威龙,1400673
芭啦芭啦樱之花,1298346
合约男女,26425081
东成西就2011,6068516
猫,24882759
红河谷,1305182
一声叹息,1305703
极速60秒,1298189
亡命驾驶,2010972
亚瑟和他的迷你王国,1578685
快乐的大脚2,3626364
救命解药,26363201
孤男寡女,1307906
东方快车谋杀案,4179012
007之明日帝国,1299247
辣手保姆,26704621
潜伏3,25728008
狐狸与我,2028659
女友的男友,1293776
双旗镇刀客,1307812
少年菀得,5985888
轮到你了 特别篇,34436407
机器战警,1294791
空军一号,1293537
自杀小队：严厉惩罚,27098363
记忆裂痕,1308715
高材生,3927736
学区房72小时,30246061
杀手寓言,30255079
师兄撞鬼,1419924
提着心吊着胆,26808466
泄密者,27195080
马戏团,1299628
狐妖小红娘剧场版：王权富贵,26946612
美国黑帮,1578503
只有你,5919538
故园风雨后,2034997
史蒂夫·乔布斯,25850443
美国派2,1305068
那小子真帅,1390020
中邪,26820833
假面饭店,27126336
致命弯道2,2032339
姐姐,26825688
宇宙追缉令,1305067
飞龙再生,1308110
绝世好Bra,1306319
一场风花雪月的事,4237863
天狗,1947270
芭比之天鹅湖,1774132
附注：我爱你,1920796
云中漫步,1300945
生命之书,20283482
辣手摧花,1293817
神探飞机头,1292829
茉莉牌局,26704137
二十,25862355
大唐玄奘,26389697
牧野诡事之秦岭龙窟,35049670
绿头苍蝇,3603547
看上去很美,1469441
捕蝇纸,4132407
愚行录,26751899
不再让你孤单,4728584
12勇士,3660130
游龙戏凤,3262939
“吃吃”的爱,26279202
鲁邦三世：卡里奥斯特罗城,1432436
狂人皮埃罗,1292533
心动,1292289
海贼王剧场版5：被诅咒的圣剑,2280004
美国行动,26304310
不当交易,4238950
窈窕淑男的日记,34801957
新仙鹤神针,1298761
夏日么么茶,1297291
夺帅,2359450
古惑仔激情篇之洪兴大飞哥,1300183
废柴特工,25763555
邻家大贱谍,25847558
黑夜传说5：血战,19951149
小红帽,3914500
贵妇失踪记,1292760
可爱的你,25870236
闪闪的红星,1461985
第六日,1294893
三个火枪手,4035906
再见十八班,30159456
上海正午,1297866
正牌韦小宝之奉旨沟女,1305060
一路不消停,35014912
9号秘事 万圣节特别篇,30361134
向日葵,1972775
唐山大兄,1307577
海贼王剧场版2：发条岛的冒险,1856674
给朱丽叶的信,3346464
保罗,2999913
原罪,1302303
花木兰2,1395445
酒吧,26694497
百年好合,1304282
冰河追凶,26315270
全城戒备,3874981
成为约翰·马尔科维奇,1292279
巴顿将军,1298308
埃及王子,1291587
大创业家,26280709
背水一战,4156402
七十七天,26426026
狂蟒之灾2,1308784
叶问：终极一战,10794042
在黑暗中讲述的恐怖故事,26278747
超胆侠,1307311
卫斯理之蓝血人,1306983
失路人,30306760
金蝉脱壳3：恶魔车站,27018354
卧底巨星,26984538
解构爱情狂,1298385
蜘蛛巢城,1294827
星际宝贝史迪奇,1401603
星尘,1867335
城中大盗,3217165
咒怨2,1308554
迫降航班,6390832
豺狼计划,1422950
神偷联盟,26723165
霹雳先锋,1871220
异形大战铁血战士2,1578502
绝种好男人,1388196
幸福马上来,26813286
吹响悠风号剧场版：誓言的终章,27062638
红鳉鱼,26266892
高地战,4328443
意外的幸运签,4934987
极度恐慌,1301419
猎杀本·拉登,6430835
扑通扑通我的人生,25747028
美国派3：美国婚礼,1308429
心慌方2：超立方体,1305306
惊声尖笑2,1308207
疯狂的麦克斯3,1294383
第七子：降魔之战,2325873
谜巢,26612285
悲惨世界：25周年纪念演唱会,24882562
明星助理,2134294
心慌方·零,1316693
别惹蚂蚁,1482079
秘书,1307490
冰海陷落,6538807
我的间谍前男友,26999424
动物特工局,30217371
恋爱中的城市,26263443
超凡战队,25881615
大鱼,34991572
凉宫春日的消失,4074292
骗中骗,1292269
甜蜜的生活,1293271
紫日,1308078
深渊,1299560
移魂都市,1292332
看得见风景的房间,1293926
魔术师,1467044
千里走单骑,1422952
过境,26682880
红心女王,30234891
生命之树,2336735
报告老师！怪怪怪怪物！,26720627
东方中国梦,24748879
疯岳撬佳人,26815856
蓝色生死恋,26971645
人猿星球,1296697
别让我走,3321409
生化危机：诅咒,5346468
神兵小将,3012377
人吓人,1304021
皇家酒店谋杀案,26992553
毒。诫,26605946
我说的都是真的,26806316
黄飞鸿之南北英雄,30207949
宾虚,1293150
半斤八两,1448758
鬼马小精灵,1305217
上车走吧,1663415
白雪公主杀人事件,24858414
我是杀人犯,6539385
哥,26582438
老笠,26352462
暴力史,1422917
奇幻精灵事件簿,2155676
不明身份,3614963
C+侦探,2263112
那些年，我们一起追的女孩,27161899
杀戮部队,27009827
决战刹马镇,4078562
战舰波将金号,1293492
马路天使,1307708
樱桃的滋味,1296177
站直啰，别趴下,1305363
火影忍者剧场版：忍者之路,7152908
云上的日子,1291558
白日美人,1301649
鲁邦三世VS名侦探柯南,3612790
夜魔,2252778
29+1,26877237
金钱世界,26995719
九龙冰室,1307922
硬汉2：奉陪到底,4917698
猩红山峰,23424586
命运呼叫转移,2279772
自由,33417936
再见我们的幼儿园,5960606
卓别林,1297368
滚滚红尘,1296334
芭比梦幻仙境之人鱼公主,1917780
我恨你的十件事,1296359
慕尼黑,1438338
陆小凤传奇之陆小凤前传,2136204
夜空总有最大密度的蓝色,26847445
姨妈的后现代生活,1794435
变蝇人,1293073
开心鬼救开心鬼,1307221
猎杀星期一,7154408
绯闻计划,3213173
致命弯道3,3148877
我是你妈,26968024
无言的山丘,1298944
何处是我朋友的家,1301897
一个字头的诞生,1307372
哆啦A梦：大雄的恐龙,1865943
传奇17号,10549943
列夫·朗道：诺拉与母亲,34977893
摩纳哥王妃,10450713
糊涂侦探,1972701
金钱帝国,3647523
鬼灭之刃 兄妹的羁绊,33393167
从海底出击,1293909
与玛格丽特的午后,3796613
雪路,26334996
野战排,1293396
漫长的婚约,1292234
少女小渔,1308130
细细的红线,1292781
林肯,1889242
落魄大厨,24698878
维多利亚一号,3642866
青红,1322851
决战猩球,1304338
黄飞鸿之五：龙城歼霸,1307507
白发魔女2,1294564
女主角失格,26311828
邻里的人们,27091624
男人不可以穷,25824741
魔法黑森林,10546762
龙潭巨兽,33444725
秋日奏鸣曲,1297268
黑客帝国动画版,1292347
平常的心,6776051
两生花,1291877
酒神小姐,26713504
布拉格之恋,1291859
芭比之长发公主,1420048
伊丽莎白,1296223
推销员,26679552
新纽扣战争,6712720
大丈夫日记,1295675
孤堡惊情,2122766
一百样东西,30172751
饺子,1418919
金鸡,1303630
男人四十,1304530
小叮当,1859845
自由坠落,20515394
黑暗正义联盟,26277361
邻居同居,24532100
斯宾塞的机密任务,30258631
三夫,30334399
死者田园祭,1366165
座头市,1300752
恋爱谈,26748688
了不起的盖茨比,1297239
命运之夜——天之杯II ：迷失之蝶,26759819
二十四城记,3053521
飞龙猛将,1300714
与龙共舞,1307862
驱魔道长,2127676
终极面试,3150816
精装追女仔,1299282
美少女特攻队,3262050
神笔马良,25832758
死侍3,26957900
阿薇尔与虚构世界,25821673
着魔,1297203
陆小凤传奇之大金鹏王,1968502
被抹去的男孩,27066184
观相,10563780
公爵夫人,2230906
热带惊雷,1994879
特警判官,3387483
一句顶一万句,26389466
天堂口,1926007
双生,26715617
将军号,1292778
王菲：幻乐一场,27059170
潜行者,1295656
异乡人：上海的芥川龙之介,34835784
春天不是读书天,1295437
不能说的游戏,30188243
战略特勤组,2275370
马粥街残酷史,1395231
开心超人,24284209
T-34坦克,30300277
功夫小蝇,11499033
柳如是,6078003
你是下一个,6128025
完美音调2,24713882
第一夫人,4849728
忠奸人,1293731
宣告黎明的露之歌,26958502
野梨树,26878883
囚室211,3103418
白兔糖,4935011
末日危途,2252773
塔利,26791452
没事偷着乐,1300678
小美人鱼3：爱丽儿的起源,3189911
星游记之风暴法米拉,26771100
速成家庭,27150284
方法派,27094896
亚当斯一家,4811807
童梦奇缘,1427834
陀地驱魔人,26341750
爸爸的假期,25908302
战国,4707585
周杰伦无与伦比演唱会,33414400
曼哈顿,1294300
少年犯,26876180
旅行终点,25821461
水中生活,1308976
我们俩,34835822
女王,1866264
副作用,10438691
老爸102岁,30183666
自杀专卖店,4924694
我的黑色小礼服,5374383
谎言之躯,2091015
奇妙的家族,27114963
心急吃不了热豆腐,1997681
星际传奇2,1308859
谎言大师,30167633
欲望都市2,3147941
乐高大电影2,25833233
陈翔六点半之铁头无敌,30223596
东北插班生,27089264
死亡录像3：创世纪,4883258
灭绝,26871938
2020东方卫视元宵晚会,34966852
灵能百分百II OVA,33392890
花落花开,3173635
实尾岛,1389982
真幌站前多田便利屋,4903614
杯酒人生,1291833
假小子,6006087
机器人9号,1764796
命运之夜——天之杯：恶兆之花,25937991
小美人鱼2：重返大海,1401600
樱桃小丸子：来自意大利的少年,26469862
萧红,6781971
玻璃先生,27031237
太空一号,4301662
荡寇风云,26385746
诺亚方舟：创世之旅,6959152
那年夏天你去了哪里,26876595
笑功震武林,6984061
西力传,1293846
蜡笔小新：呼风唤雨！战国大合战,3055303
我们天上见,3732800
法外之徒,1401588
魔卡少女樱 剧场版,3117775
五个扑水的少年,1301359
大佬,1294181
欢迎来到东莫村,1433556
追捕野蛮人,26411201
亡命天涯,1297229
窃听大阴谋,1296908
玛戈王后,1300802
铁娘子：坚固柔情,3073158
心灵想要大声呼喊,25975249
友情岁月山鸡故事,1306098
生化危机：恶化,2970087
名侦探柯南 真人版 Ⅱ,2357374
刀剑笑,1301982
合约情人,2214140
你逃我也逃,1303418
小马王,1296636
白色严冬,6129462
我是布莱克,26653676
滚烫的爱,26421442
明亮的星,2072848
睡沙发的人,27062994
火星任务,1303447
天衣无缝的她,27615267
少年黄飞鸿之铁马骝,1294488
呼啸山庄,1301676
海神号,1473795
在无爱之森呐喊,30337760
昨日奇迹,30165034
2008年第29届北京奥运会开幕式,3173528
日瓦戈医生,1389949
新桥恋人,1291559
芭比与魔幻飞马之旅,1781023
决战犹马镇,1793904
死亡游戏,1308456
雷雨,1431690
过昭关,30206431
秦颂,1298397
旺角黑夜,1366853
猛鬼街,1298389
狼嚎,27150283
特工佳丽,1301173
念念手纪,26869119
灰姑娘之舞动奇迹,3101985
曼哈顿女佣,1305735
总有一天,26390631
生命如此美好,25705507
超级无敌掌门狗：人兔的诅咒,1419901
蜡笔小新 超时空！呼风唤雨的我的新娘,4907844
七个神经病,6753166
斯诺登,25900819
唯爱永生,5265471
擒凶记,1301233
米花之味,27077266
最佳拍档3：女皇密令,1305662
已是香港明日,26245039
黑色党徒,27133913
灰姑娘的故事,1308764
月满轩尼诗,3777800
小偷阿星,1400667
楼下的房客,26575937
老夫子2001,1295782
绝世宝贝,1299035
娼年,27061510
热血高校3,23398777
都灵之马,3285632
锅盖头,1424218
柔道龙虎榜,1308796
孩子们,4901684
辣妈辣妹,1307955
我11,5044737
跟踪,1947114
胡佛,4709671
摩天轮,26822230
老兽,26957500
蜀山：新蜀山剑侠,1307775
逃学外传,1305211
怪形前传,3097525
法老与众神,10793610
江南1970,24307637
刺青,1938312
恋上你的床,1308520
消失爱人,26309968
唐伯虎点秋香2之四大才子,4173583
亚当斯一家的价值观,1299900
约翰之子,26420626
一九四四,26356488
寒枝雀静,6521506
兵临城下之决战要塞,5361544
七年之痒,1294379
怒海救援,7065211
熊出没之年货,25861610
千禧曼波,1873535
龙在边缘,1303983
她不知道名字的那些鸟儿,26928304
贴身情人,1298728
范保德,27621448
家怨,33399866
克隆人,26219713
未来机器城,27200988
鲨海,26845362
七龙珠,2310144
听见天堂,2078398
再见列宁,1292055
两小无猜,1304942
不良教育,1291878
告别有情天,1293004
蒂莫西的奇异生活,3819871
陆小凤传奇之铁鞋传奇,2136201
时空线索,1789283
龙虎风云,1299658
文集,27621192
男人要自爱,30195228
阿呆与阿瓜,1296454
念念,25718082
负重前行,26793157
罪恶之城2,1428055
幽灵船,1296535
人皮客栈2,1793571
暗数杀人,27113810
钱,26975855
地心抢险记,1300092
21座桥,30271717
风云决,3047989
赌霸,1296826
天亮之前,26352440
龙珠Z：复活的弗利萨,25931246
有完没完,26828019
罗宾汉：起源,26348846
狂暴凶狮,27150225
第五波,25866686
布达佩斯之恋,1301106
柏林苍穹下,1292504
虎！虎！虎！,1294562
光荣的愤怒,1920620
四重唱,3749947
啪嗒啪嗒,10558447
名侦探柯南 十年后的陌生人,3794489
海贼王3D电影版：追寻草帽,6064183
嫌疑人,10563779
富贵逼人,1302927
塔巴德,30283526
爱情是什么,30252334
好想告诉你,4727460
新扎师妹2,1308232
一切都好,26425088
惊天动地,3987383
鬼马狂想曲,1308743
怪物,10877416
夜班服务员,30142414
高跟鞋先生,26652816
我们的父辈,27092246
凯尔经的秘密,3212221
童年的许诺,26647163
无声言证,1305858
巴尔扎克与小裁缝,1296769
我是你爸爸,1397550
芭比之胡桃夹子,1420044
20 30 40,1310174
自卫的艺术,27138615
我的英雄学院：两位英雄,27602116
奎迪：英雄再起,26707088
嗜血破晓,1972732
火影忍者剧场版：大活剧！雪姬忍法帖！,1475197
长江图,7062596
汉娜,3156117
猫与桃花源,27114911
格列佛游记,3279093
长江7号爱地球,3792787
最强囍事,5250583
美国田园下的罪恶,1872272
回归,1689787
欲盖弄潮,2338019
真心英雄,1293202
完美风暴,1293815
舞出我人生2：街舞,2300450
烈火情人,1300605
无处可逃,10792322
分手信,3078517
新碧血剑,1305837
邻里美好的一天,27073179
摩登如来神掌,1306381
女巫季节,3017651
麻将,1297418
五月的四天,6722730
茜茜公主3,1297644
情不自禁,1550445
鸟人,1298638
苹果酒屋法则,1296821
妇女参政论者,25821498
家族之苦,26020796
爱情万岁,1296370
成长边缘,6873905
肌肤,26964434
好朋友们,25780578
灵魂摆渡之风华绝代,26959223
呆佬拜寿,1394163
巴黎最后的探戈,1300353
Office有鬼,1307807
杀手之王,1297194
铁血战士2,1302718
考死：血之期中考试,3150346
龙在天涯,1294227
恶搞之路,34791145
玩乐时间,1303543
代号基亚斯：复活的鲁路修,30291500
朝圣之路,3750104
世上最美的离别,5364952
爱国者,1293934
离魂异客,1303462
青少年哪吒,1307561
鸡同鸭讲,1300080
性、谎言和录像带,1292341
伊莎贝拉,1468155
爆裂刑警,1304837
一路顺风,26769480
人人都说我爱你,1297128
下海,27170563
虹猫蓝兔火凤凰,4124917
陈翔六点半之重楼别,34454654
黑暗侵袭2,3066083
日夜男女,26842695
始动,34809353
新天生一对,6759229
列夫·朗道,5331284
狂暴飞车,4014405
迫在眉梢,1306439
午夜狂奔,1294699
梦旅人,1301948
与女人们的对话,1472510
天际行者,26654145
和你在一起,1307702
王尔德,1300029
无手的少女,26785137
谁陷害了兔子罗杰,1297317
阿拉姜色,30181130
二十世纪女人,26389928
深闺疑云,1295568
魔女嘉莉,1292664
断箭,1293317
巴尔干边界,30391372
第一诫,2027923
重案组,1299966
午夜阳光,26580936
宿敌,10562986
豪门夜宴,1306392
火影忍者疾风传剧场版：失落之塔,5326539
神之一手,24756658
华尔街：金钱永不眠,3103683
连环杀手夫人,33413729
轻音少女 剧场版,5403927
青之炎,1389924
光辉岁月,1292943
蜡笔小新：呼风唤雨！光荣的烤肉之路,3041614
爱的曝光,2361266
看不见的世界,3055450
福尔摩斯先生,25727048
雷蒙·斯尼奇的不幸历险,1308979
罪人,27615398
刮痧,1297187
无理之人,25881888
同居牢友,1867389
第28届中国金鸡百花电影节颁奖典礼,34446715
O记三合会档案,1294713
少林小子,1297726
新抢钱夫妻,1422909
铠甲勇士之帝皇侠,4217526
不朽的西罗,34848600
新哥斯拉,26279124
西小河的夏天,26799232
灿实也多福,34815926
魔童,27608262
巴黎假期,25856480
六福喜事,25728590
超人：红色之子,27668334
青春期,6557144
好命先生,24888079
死亡医生,3074482
为你取名的那一天,26810837
如月疑云,2361826
舞出我人生3,3000078
白头神探,1302176
佐罗的面具,1293225
夏日之王,20415220
22年后的自白,26835911
鲨鱼黑帮,1308757
断裂,30366084
黑处有什么,26433966
同窗,11525705
魔法老师,5294432
善良妈妈的朋友2,26746372
神奇动物在哪里3,26147418
孤独的美食家除夕SP：京都・名古屋出差篇,30388353
呼喊与细语,1296147
精灵王座,26290390
摇滚黑帮,2138299
幸福的面包,5279593
安娜·卡列尼娜,1292577
破碎人生,25846858
修女也疯狂2,1296770
在路上,1907465
李宗伟：败者为王,27195119
罪途1之死亡列车,27097816
诡怪疑云,27188152
毒战,26934399
角头2：王者再起,26994321
黑子的篮球·终极一战,26615753
鸡皮疙瘩,2364051
我仍然相信,34802738
杀人者,25806460
美容针,26779288
神探驾到,26263437
杀手,1293936
麦克法兰,11520649
飞天小女警 剧场版,1302661
芭比梦幻仙境之彩虹仙子,1477724
在京都小住,34906732
蝙蝠侠：突袭阿卡姆,25825320
星际宝贝2：史迪奇有问题,1423031
权力的游戏：征服与反抗,27605669
脱欧：无理之战,30223840
机器人历险记,1309011
鬼乡,26322928
恋如雨止,27191173
布卢明顿,3731598
最终幻想15：王者之剑,26762709
火影忍者疾风传剧场版：火之意志的继承者,3861846
南北少林,1296240
十七岁,26333124
炮友,4826330
格林兄弟,1309053
苏乞儿,1865903
我的冤家是条狗,30143861
死亡飞车2,4005190
2018江苏卫视跨年演唱会,27617284
惊魂鬼屋,27002647
史前一万年,1949761
致命弯道6：终极审判,26022765
我的邻居山田君,1417728
葬礼上的死亡,2003389
学校风云,1468547
野马,26372545
法国中尉的女人,1293603
终极斗士3：赎罪,3012053
早间主播,3392569
战栗黑洞,1303460
不留痕迹,26974993
捍卫者,27063335
穿越时空爱上你,1304485
一夜迷情,3230165
102真狗,1301167
老师不是人,1294732
超大号美人,27021609
鬼入侵,1292556
B+侦探,4118060
回到中国,30137052
极速天使,5256418
临时演员,26323026
羞辱,27098888
一袋弹子,26936217
爱情是狗娘,1292216
周末时光,6024430
灵魂冲浪人,4301274
刘三姐,1298755
巴顿·芬克,1298043
红色沙漠,1299261
转山,5318669
那就是我的世界,26980827
Re：从零开始的异世界生活 雪之回忆,27140066
怪兽在巴黎,3005387
恐龙,1298694
一首小夜曲,30165542
恐惧与欲望,1293398
女孩梦三十,1309086
天降奇兵,1303910
光灵,26739551
人间·小团圆,24736526
宅女侦探桂香,25778488
龙门客栈,1459054
林肯律师,2996790
怒海争锋,1307749
大富之家,1296897
赌王之王,1293090
我的初恋情人,3623024
通灵男孩诺曼,6053679
苏姗娜的故事,1293030
阿童木,1917074
恋之罪,5332266
女高怪谈3：狐狸阶梯,1308499
上海正午2：上海骑士,1307675
非常小特务,1302344
绝色神偷,1304536
莫比乌斯,24529254
追凶十九年,26974334
我的男友和狗,24851526
怒火保镖,10486471
虎尾,30309632
饭局也疯狂,6788265
大侦探霍桑,26309965
水牛城66,1297311
省港旗兵,1292846
榴莲飘飘,1307681
海滩,1293019
委托人,5279640
神探飞机头2,1292977
耐撕侦探,25917787
火车,5908473
圣诞怪杰,1300926
火烧岛,1302537
13骇人游戏,6853653
我老公不靠谱,10788846
猫狗大战2：珍珠猫复仇,3213270
飓风奇劫,26793385
控制,10604087
喜羊羊与灰太狼之喜气羊羊过蛇年,20277285
天际浩劫,4919019
天蓬归来,27205169
魂断威尼斯,1300912
去年在马里昂巴德,1400240
乐高DC沙赞：魔法与怪物,35030774
汉娜·阿伦特,10748498
正义联盟：战争,25760447
芭比之蝴蝶仙子,3012060
血迷宫,1302542
岁月风云之上海皇帝,1300575
时光倒流七十年,1292780
大丈夫,1305179
伊丽莎白镇,1419933
陆小凤传奇之决战前后,2136213
泳池情杀案,1307427
蜡笔小新：宇宙人来袭,26894593
天国的邮递员,3574495
超完美谋杀案,1297509
危情谍战,3402101
死亡录像2,3105162
海盗,24879819
海兽之子,30274965
霸主,26969115
工作女郎,25809260
超人高校,1422913
叶问前传,4134631
江湖论剑实录,24758396
贵族大盗,24872023
笔仙,10549223
福尔摩斯二世,1303408
少爷,26584763
摇摆少女,1361254
洛奇2,1295281
冬眠,21770915
唐顿庄园：2012圣诞特别篇,19973312
吸血鬼生活,25794230
盒子怪,21350559
全能囧爸,26011893
霹雳贝贝,1440283
钟楼怪人,1301538
在这世界的角落,11611021
破绽,1939173
蒸发密令,1298635
杰里·宋飞：23 小时找乐子,35045958
好久不见,27202765
江湖情,1297497
藏品,6021917
亚瑟王,1308837
花滑女王,27196380
圣鹿之死,26724989
新流星蝴蝶剑,1298589
我唾弃你的坟墓,1299265
极速复仇,3725320
低压槽：欲望之城,26924141
我是女王,25780584
樱桃小丸子,3091208
茶花女,1294911
八两金,1300202
为所应为,1293958
芭比之森林公主,2259337
陆小凤传奇之银钩赌坊,2136197
一日情人,26759825
蝴蝶梦：梁山伯与祝英台,2978752
她爱上了我的谎,10521712
第三度嫌疑人,26952153
诡丝,1780168
全职杀手,1296169
未来的未来,27045615
冠军,27129663
鬼哭神嚎,1309032
咒怨(美版),1308792
赌圣3：无名小子,1478174
完美音调3,26365022
查泰莱夫人的情人,25955488
嫁个有钱人,1305713
滴答屋,10759740
泡沫之夏,25830800
2019湖南卫视嗨爆夜,34951010
昨日的美食 2020新年特别篇,34906689
迷墙,1296157
爱情短片,1294570
人狗奇缘,1970437
午后之爱,1293963
纽约提喻法,2028819
肉与灵,26935675
陆小凤传奇之血衣之谜,2136210
火烧圆明园,1299578
龙卷风,1292454
追男仔,1401641
火影忍者疾风传剧场版：鸣人之死,2051813
音乐僵尸,2125241
险恶,6875615
双雄,1308482
玩命追踪,3238087
神枪手,3002820
缩小人生,3578939
唐顿庄园：2011圣诞特别篇,6870362
异邦人：无皇刃谭,2277204
洛奇6：永远的拳王,1578475
哆啦A梦：大雄的日本诞生,1458897
ACCA13区监察课 Regards,34439520
惊世狂花,1292449
尽善尽美,1293917
白丝带,2464346
岳父岳母真难当,25867546
家族之苦3,27108740
绝命海拔,22265299
云端之上,25805039
流金岁月,1305696
野兽之瞳,1308345
大叔之爱：爱情或死亡,30397096
韩赛尔与格蕾特：女巫猎人,3718323
人间，空间，时间和人,27041677
布拉芙夫人,10508874
非常父子档,26253737
致命弯道5,10774980
开心魔法,6717575
剃头匠,3097352
剧场版魔法少女小圆 新篇 叛逆的故事,10569151
黄昏的清兵卫,1307306
烈日灼人,1301867
内布拉斯加,6538833
烈焰焚币,1306454
中二病也要谈恋爱！剧场版 -Take On Me-,27052274
狐妖小红娘剧场版：下沙,26685413
小戏骨：白蛇传,26887890
0.5毫米,21767183
香港制造,1292396
弓,1394424
奇迹，那天如此重要,26809007
狗牙,3706859
鼩鼱的巢穴,25926079
恐怖鸡,1472532
人鱼传说,1302673
川岛芳子,1307569
生死之墙,26761688
拜见岳父大人2,1308987
宝贝男孩,30129008
低俗喜剧,6869395
白银帝国,3445526
吸血鬼猎人林肯,4326412
雀圣,1410822
詹妮弗的肉体,2295401
地面之洞,27197468
江山美人,2988163
青春失乐园,6963575
卡里加里博士的小屋,1292547
桂河大桥,1294958
喜丧,26671361
跳跳虎历险记,1306554
M就是凶手,1293381
明月守护者,26147991
人参果,1441863
村戏,26738204
无人引航,10754780
蜡笔小新 呐喊！春日部野生王国,3732550
芭比公主之钻石城堡,3226855
涉足荒野,21345845
沉默,1884684
爱情麻辣烫,1306130
最后一球,27202825
富贵再逼人,1385567
绿区,2131649
意外制造公司,25917295
随波逐流,4196227
哆啦A梦：新·大雄的日本诞生,26527993
佐罗传奇,1309042
神之一手：鬼手篇,27611496
星星女孩,26664834
卢浮魅影,1297659
亚瑟3：终极对决,1981645
无敌原始人,26384292
科洛弗悖论,21328095
傲慢与偏见与僵尸,3543318
假面,1294438
史崔特先生的故事,1298506
冬冬的假期,1299103
新难兄难弟,1297032
哆啦A梦：大雄的秘密道具博物馆,11584309
老井,1308070
流氓医生,1358421
毕业会考,26340305
去年冬天与你分手,27102505
好朋友,30172472
陆小凤传奇之凤舞九天,2136212
克洛伊,3418187
陆小凤传奇之剑神一笑,2136209
双重人格,10466617
猴子,27036366
蝙蝠侠：血脉恩仇,26599752
007之诺博士,1293072
美味情缘,1947144
四眼天鸡,1309049
蝙蝠侠：致命玩笑,26692652
隔山有眼,1453067
贝奥武夫,1792917
大鸿米店,1325005
屏息,24307625
我老婆未满十八岁,1300246
新古惑仔之少年激斗篇,1307899
撕裂人,1465415
婚前试爱,5285669
守护者：世纪战元,26589957
嘻游记,4843641
冰封侠：时空行者,25300674
大雄的怀念奶奶,10461356
杀死比尔整个血腥事件,10756537
黑执事：豪华客船篇,26640849
哆啦A梦：大雄的恐龙,1458889
孝子贤孙伺候着,1462243
卡桑德拉大桥,1298917
扒手,1303559
早餐俱乐部,1295728
最后的假期,1462631
非常突然,1299782
每当变幻时,2070367
45周年,25839662
书店,25728612
陪审员,27115758
反基督者,3040418
田禹治,3176525
德州电锯杀人狂,1304129
女巫,26276364
火影忍者剧场版：血狱,5407085
亚人 真人版,26864096
世界末日,3104798
天地英雄,1302705
古田军号,30261964
宝葫芦的秘密,1960298
关键第四号,3824339
结束，开始,30355047
桥,1305697
晚春,1307265
无主之地,1306303
迷恋荷尔蒙,1773216
收件人不详,1305530
希特勒的男孩,1416942
小叮当：羽翼之谜,3036477
八月照相馆,1306471
九三年夏天,26979007
93航班,1588945
贝拉的奇幻花园,26611806
足不出户,25909566
列夫·朗道：三日,34977898
火影忍者疾风传剧场版：羁绊,2369613
橘色奇迹,26375689
副总统,26920842
外出,1422089
绿毛怪格林奇,23774869
真心话大冒险,26998315
狗眼看人心,30479973
宠物情人,4817024
星河战队2：联邦英雄,1422938
冲天火,26365631
摔角王,3007826
伊莉莎与玛瑟拉,30251948
合法副本,2973543
感谢上帝,30162055
小屁孩日记,3003836
盲流感,2028634
能召回前世的布米叔叔,4280102
跨越8年的新娘,26929835
烈火战车,1295316
童军手册之僵尸启示录,6874140
一半海水一半火焰,3074307
魔女嘉莉,6874441
人皮客栈3,3147969
魔宫魅影,26220725
鳄鱼波鞋走天涯,1301811
女人步上楼梯时,1419479
客途秋恨,1308304
奏鸣曲,1298351
大都会,1291569
男孩,25837574
双面劳伦斯,4838667
21克,1308599
蒙娜丽莎的微笑,1303010
马文的房间,1293387
刀马旦,1298873
我与卡明斯基,3524272
影子写手,3120852
铁道游击队,1434172
世界,1309087
年轻的维多利亚,2133340
在切瑟尔海滩上,5041518
精灵鼠小弟3,1481233
同义词,27047918
老虎出更,1293854
绝密飞行,1309200
倾城之恋,1298199
火影忍者剧场版：大激突！幻之地底遗迹,1773285
新扎师兄,1308847
丑女也有春天,24325906
精武家庭,1364764
纽约纽约,25881781
防弹武僧,1303693
匹夫,10508901
龙之战,2009342
阿修罗,26746958
迪迦奥特曼：最终圣战,3321892
昨天,1308086
彗星美人,1401385
天国与地狱,1293663
奔腾年代,1307535
真相至上,2335122
处刑人,1469049
追捕,1291863
你给的仇恨,27139732
女魔头,1307649
铁面无私,1292532
甜姐儿,1295348
美丽的大脚,1438689
死神的十字路口,3126187
我心狂野,1298974
007之金手指,1293828
尸家重地,1300085
找到你了,27066196
那一场呼啸而过的青春,27056299
一触即发,3014957
全城通缉,25849599
推理笔记,26890502
堕落人鱼,33436805
白狐,20515018
鬼吹灯之巫峡棺山,30299099
木兰之巾帼英豪,34482017
金色池塘,1293767
指环王,1307508
热泪伤痕,1293046
姊姊妹妹站起来,2208890
穿越时空的思念,1464449
香火,1754628
寻找梦幻岛,1308831
阴阳师,1303917
底特律,26718836
食梦者,25880986
四角关系,1473297
托尼·厄德曼,24872189
德惠翁主,10774104
系统破坏者,30427480
致我的陌生恋人,30402056
我的叔叔,26676350
妈妈,6837235
作家的谎言：笔忠诱罪,30170120
江湖最后一个大佬,1306573
谍影特工,10792320
唐璜,10482125
漂亮男孩,3059389
金太狼的幸福生活,21355933
驱魔者,2028661
此生漫漫,30252459
意外的恋爱时光,19967839
最后的风之子,2363919
绝命航班,25715111
相声大电影之我要幸福,26811605
陈奕迅DUO演唱会,34973562
元气少女缘结神OVA：神明，被丢弃/神明，去泡温泉,25703626
原始星球,1291989
子弹横飞百老汇,1295452
魔幻时刻,2157507
妖夜慌踪,1303459
随风而逝,1303444
小戏骨：放开那三国,26951953
马斯顿教授与神奇女侠,26965165
青梅竹马,1305327
一切尽失,10484601
舞出我人生4,5910040
笨贼妙探,1297260
如沐爱河,5995338
陆小凤传奇之绣花大盗,2136206
劫匪,6538697
窗台上的男人,4206477
深海狂鲨,1292680
音乐家,27040921
怪医杜立德,1298291
鬼打鬼之黄金道士,1794401
堕入地狱,2361386
哭泣女人的诅咒,27168310
上流社会,27168151
亲密敌人,6062731
十月初五的月光,25975323
越来越好之村晚,20395646
吉屋出租：百老汇剧场版,24857754
蜡笔小新：决一胜负！逆袭的机器人爸爸,25792824
魔卡少女樱 透明牌篇 序章 小樱与两只小熊,27011485
12怒汉：大审判,2027899
405谋杀案,1303698
战国英豪,1303110
睁开你的双眼,1301899
黑店狂想曲,1306666
玛蒂尔达,1296148
群尸玩过界,1300377
远大前程,1292557
八毫米,1296153
江边旅馆,30189817
80'后,4036000
人间失格,3439340
今天的吉良同学,26817018
贞德,27663802
杀戮都市,4079117
惊声尖叫2,1299495
譬如朝露,34800651
变身男女,6714088
749局,26747919
摇滚红与黑,30484534
命运石之门剧场版：负荷领域的既视感,6844861
摩托日记,1309015
铁道员,1306634
图雅的婚事,1966460
怪房客,1297399
拳霸,1308713
咒怨 录像带版,1461079
性别为本,26385514
狂野目标,3078384
流浪巴黎,26457368
告诉蜜蜂,27110448
花牌情缘 上之句,26365262
至尊无上II之永霸天下,1300264
马蒂亚斯与马克西姆,30134129
得闲炒饭,4145476
紧急迫降,1296874
恐吓运动,26649095
再见，嘴唇,30256006
最佳福星,1297981
隔绝,4846693
犬屋敷 真人版,26936272
午夜凶铃2：贞子缠身,1294506
渴望,24973419
永恒的爱,26910316
隔山有眼2,1839857
愤怒的小孩,10569022
致命罗密欧,1297670
莫斯科陷落2,30242270
洛杉矶捣蛋计划,26729533
古宅心慌慌,1308834
银魂剧场版：新译红樱篇,4122194
攻壳机动队2.0,3142101
安德烈·卢布廖夫,1298248
求婚大作战特别篇,3168993
西线无战事,1295116
石榴的颜色,1303542
卡蜜儿·克劳岱尔,1293466
马语者,1297769
小楼的奇幻生活,25755599
罗马，不设防的城市,1296669
大象,1292272
刑房,1482090
偷香,1292277
到阜阳六百里,4291275
你妈妈也一样,1303333
见鬼,1296026
鬼夫,21871405
宛如天堂,1421976
汉娜·蒙塔娜：电影版,3008712
跑调天后,26259202
尸忆,26373154
蚀,26527940
龙少爷,1297213
心灵传输者,1949328
弯刀,2081493
高手们,25819726
圣诞玫瑰,10600271
月光光心慌慌,4017146
爱，婚礼，重演,33418683
星河战队3：掠夺者,3006123
剑蝶,3280079
这个男人来自地球：全新纪,26804584
猫,26787585
暴雨将至,1303036
皱纹,3637220
小情人,1394488
查令十字街84号,1299481
搭错车,1306564
末代独裁,1900848
缘分天注定,1305541
情迷六月花,1300161
龙三和他的七人党,26252157
垂帘听政,1301081
之后,27018296
怪尸案,1301232
陆小凤传奇之幽灵山庄,2136208
鬼打墙,10466341
只有爱能让我生存,30139756
刺杀据点,2038379
亡灵,3792868
酒会,26710371
董存瑞,1482709
现代豪侠传,1295858
至尊无上,1300581
八月,26820836
师弟出马,1294131
无尽,26269726
所有明亮的地方,26580108
一周的朋友,26646360
孤楼求生,26990219
下一站…天后,1299649
恐怖废墟,2132486
杀人依赖,25851668
太极侠,6041199
非分熟女,26752558
杨门女将之军令如山,4824982
聊斋古卷：兰若之境,35007447
革命往事,1301026
唐顿庄园：2014圣诞特别篇,25965924
牺牲,1294531
自由的幻影,1297188
哆啦A梦：大雄与云之国,1458900
唐顿庄园：2013圣诞特别篇,25766495
蚀,1293105
飞不起来的童年,25845397
克莱尔的膝盖,1294915
捕鼠记,1295490
露西亚的情人,1297598
亚特兰蒂斯：失落的帝国,1305394
最美年华,30336533
鬼宿舍,3023155
驱魔,1436846
我妻子的一切,6905169
预告犯,25863940
狼牙山五壮士,1464618
爱丽丝和市长,30411559
人皮灯笼,1448703
行运超人,1306334
通灵车教,30483355
火影忍者剧场版：大兴奋！三日月岛的动物骚动,2160639
我的天才女友,30395843
夫妻不是同林鸟,33464883
女人，四十,1308162
风的故事,2070308
赤地,4727477
转校生,1548765
年轻的教宗,25884125
天使与我同桌,1302606
恋人们,26259635
湖畔的陌生人,21339377
谋杀,20471804
都市女孩,11540884
我的军中情人2,10543625
危机边缘,10744409
杀人狂魔,7046520
都市女孩,5998128
真心半解,33420285
夜行书生,26282613
金福南杀人事件始末,4826419
猫王与尼克松,6966372
百日告別,26022253
大虎,26220759
回溯迷踪,25760615
世界尽头,3026572
你好，疯子！,26696879
路边野餐,26337866
龙岭迷窟,30488569
我是余欢水,33442331
半泽直树,24697949
母亲,4303624
不完美的她,33446498
极品老妈,24532993
风味人间,35014718
鹤唳华亭,27114834
刺客聂隐娘,2303845
向往的生活,26873657
太阳的后裔,25831874
爱情进化论,25918597
刀见笑,4051608
西风烈,4082544
下女,1401523
血与骨,1388176
临渊而立,26664345
昼颜：工作日下午3点的恋人们,25897313
皮囊之下,3749974
天涯沦落女,1292445
萨冈,2143930
冬日之光,1296792
邮差,1298468
豪斯医生,2277051
逃之夭夭,1419953
罪恶之家,2064935
暑期工读生,5156863
隔壁班的男生,4149242
吾家有女初长成,5337550
靓妹仔,1304528
两小无知,2137695
柠檬可乐,1301118
彩云曲,1297854
突破,5502680
棒球英豪,1756889
唐山大地震,3596502
求婚大作战,2018131
不需要爱的夏天,1759770
我家也有外星人,1472127
新闻女郎,1484469
缘分的天空,1533935
东京少女,2330733
夏之雪,1481065
一公升的眼泪,1782964
暗战,1298898
请回答1988,26302614
朋友不老,4899486
惨死,4729828
致命切割,4111335
下一站，说爱你,4022090
初三大四我爱你,3732499
鬼乱5,4122701
爱4狂潮,3573048
只想拥有你,26022835
心如折纸,3440075
荒野生存,1905462
没有过去的男人,1307790
诱惑假期,1366856
爱情故事,1294768
悠长假期,1436674
阿黛尔·雨果的故事,1293870
爱在暹罗,2365260
毛骗,26603847
猎狐,26984534
疗愈心中的伤口,34809292
环形物语,30277286
想见你,30468961
蓬莱间,30421584
爱情公寓5,25931446
出发吧，师傅！,34927356
新世界,30329906
未择之路,26607969
北方一片苍茫,27079318
汉谟拉比小姐,30128988
导演对我下手了,30481962
生活对我下手了,30352908
梁知,30176779
无证之罪,26930540
无间道,26992119
欢脱定律,26910997
西涯侠,26776529
孤狼之血,26992114
四个春天,27191492
狂野生活,26847068
死于明日,27157811
90年代中期,26762269
老人和枪,24299053
宿命，吾爱：第一部,26933366
漩涡俱乐部,27032162
最响亮的声音,30257791
心灵猎人,27008551
再见,30439557
罗马,1950330
暗黑,26992330
热血警探,1806555
吸血鬼猎人巴菲,3668287
X档案,1295520
绯闻女孩,2078864
金秘书为何那样,30181455
这！就是街舞,27199901
守财奴,3314871
S日记,1308808
绯闻女孩,3198015
珠光宝气,2996855
刘伯温传奇,2347257
闯入者,20514902
老友记,1393859
我的恐怖妻子,26741568
与敌同行,3131854
大内密探灵灵狗,3670447
甜丝丝,1774999
赤壁(上),1465829
自杀小队,3569910
踏血寻梅,25966085
杀人锦标赛,2075973
升级,27093707
金手套,27205132
唐人街探案,30354606
你,26955946
珍品,30188253
骡子,30135113
活埋,3819877
卡门,1449793
无头男人,1439488
画皮,2135981
宗教的荒谬,2133390
十月围城,3626416
夜·上海,1788392
天籁之战,26874528
纽约，我爱你,2334814
自行车与旧电钢,25733522
浮城谜事,10438426
人山人海,4728518
神探亨特张,6880590
草莓百分百,5416009
我爱上的人是奇葩,26677985
透明人,27073828
破冰行动,27052168
黄金瞳,27145039
马丁·伊登,26952994
毒枭：墨西哥,30395836
教宗的承继,27132510
我的白大褂·抗疫日记,34967081
回家吃饭,34941182
无主之城,30191989
雪狼,2281698
最亲爱的你,27005982
快把我哥带走,27045331
安家,30482003
宸汐缘,30230682
武林外史,2282477
我为你牺牲,34429008
如果岁月可回头,27113507
炽爱游戏,26909463
无人生还,25839052
三生三世十里桃花,25975243
长城,6982558
轮到你了,30446788
巴比伦柏林,30206424
一吻定情,30263995
水俣病,30359665
追缉：炸弹客,26926437
血肉与黄沙,26936788
金刚狼,1792928
暖暖内含光,1308777
IRIS,3619100
高兴,3607666
守护者,27034707
特斯拉：闪电的主人,3839227
奇迹爱情物语,3771656
宇宙只有我和你,1308259
你从未在此,26791455
念力,26864178
三日为期,27602110
了不起的村落,27193571
重版出来！,26602304
致我们终将逝去的青春,6973376
未来学大会,6432898
当我们17岁,26309618
同船爱歌,26689198
恐同,10756794
颤涌,5153481
点亮灯光,6896277
幻想之爱,4728076
一个Z和两个O,1293733
好兆头,26846856
佛西与沃登,30282767
恶行,27097841
哈勃望远镜,3725324
贤妻,26315728
亲爱的新年好,34460763
坏未来,20473389
他乡的童年,34807388
珍,27115563
坏血,1301678
杀人三步曲,1293976
牧野村,2268963
奋斗,2138507
飞越疯人院,1292224
猎场,26322642
麻雀之歌,2138467
道歉大师,20431537
月吟,1295763
草莓棉花糖,2224447
南极大陆,5941682
我的唐朝兄弟,3227266
九州缥缈录,26738112
割腕者的天堂,1918208
刺客信条,11526817
我，迈克尔,25927854
仅三天可见,34842268
红楼梦,3014183
皮娜·鲍什：穆勒咖啡馆,3921106
大三元,1408130
大理寺日志,30395911
绝代双骄,26986804
鹭世界,34841224
鱼羊记忆,30446736
那年冬天，风在吹,19969225
花,4883425
被爱的人,5972036
爱，不爱,5912977
盟军夺宝队,10456894
权力的游戏,26584183
小欢喜,26946624
奋斗吧，少年！,27145057
奇遇人生,30304024
如懿传,25812730
灼人秘密,30334970
洛可兄弟,1303558
眼泪之盐,26979204
动物方言,30437755
浮生录,1294767
黑镜,25966044
欢乐颂,26430092
呼啸山庄,3226150
麦克莱恩：入戏,26888496
勇往直前,26718828
费雪小姐探案集,26386974
西部世界,2338055
神探夏洛克,10455629
飞越老人院,6872244
大明风华,27094895
心灵法医,30329153
兰心大剧院,26954859
镰仓物语,26916229
全职高手,26660368
齐木楠雄的灾难,26801048
武动乾坤,26756260
工作细胞,28514091
脱身,26864184
夏目友人帐,26939247
夏目友人帐,27017278
夏目友人帐,26754896
春江水暖,30419744
纪实72小时(中国版),30217561
残废科幻,10355626
小荷,11527491
三姊妹,10594934
记忆望着我,10807880
初恋红豆冰,3745292
大群,26997532
百年酒馆,26719562
大明王朝1566,2210001
风骚律师,25726259
深夜食堂,26411410
驯龙高手3,19899707
归去来,26811528
结爱·千岁大人的初恋,27107131
情况不妙,26774772
文雀,2976123
谢谢你曾经爱过我,1963192
一年级·小学季,25985617
樱兰高校男公关部,1817253
霹雳封灵岛,1920836
家族的形式,26663070
爱的发声练习,3305873
练习曲,2055017
三角迷踪,3439455
料理仙姬,3003093
绝命毒师,2373195
大宋提刑官,2239292
西游记,4058786
电影香江：刀光剑影,1900006
九阴真经,2301059
追击者,3006309
不能没有你,3805953
杀手蝴蝶梦,1306313
打，打个大西瓜,4057312
女收藏家,1297344
大黄蜂,26394152
妈妈咪呀2,27050259
歪小子斯科特对抗全世界,2158222
严肃的男人,3135483
神秘博士特别篇：时间尽头(下),4215755
节日,1424620
无因的反叛,1295416
贼博士,1304710
深夜食堂,3991933
越狱,1876781
威尔和格蕾丝,26958615
爱猫之城,26806099
都市女孩,26702166
神父俱乐部,26307442
一把青,26461145
五月天人生无限公司,30310435
人民的名义,26727273
龙在江湖,1303769
萨勒姆的女巫,26288174
去里斯本的夜车,5327381
燃情克利夫兰,25947054
绝望主妇,3882827
绯闻女孩,3882759
明天之前,33462337
真探,10748120
Broken,34927511
Leona,34927509
Short,2033493
疯狂谎言,30278258
神盾局特工,25851827
双世宠妃,27080949
他来了，请闭眼,26088457
宝贝,20427014
王牌对王牌,26956708
高能少年团,26933239
轩辕剑之天之痕,5989840
盲探,6872273
世外桃源,30378028
恐龙蛋,30427473
阿松,26444858
爱再来一次,1440703
中国好声音,27187829
雪花莲节,1471410
蜂蜜,4221335
蒂蕾茜亚,1308483
亲人之间,10438587
雅典，重返雅典古卫城,2305564
在我父亲的洞穴里,1309127
驱魔人,26715591
青之驱魔师,26828027
血界战线：王者餐厅的王者,26751961
血界战线,25899386
宇宙皇子天界行,5968883
探险活宝,4741311
女子落语,10577733
火花,26635329
维克多·弗兰肯斯坦,10466836
恐怖角,1299107
异形基地,1295404
死国,1302351
喋血战士,4830483
安尼亚拉号,30152072
惊涛迷局,26970964
首席执行官,1301730
